MGO1,MGS1,MGO2,MGS2,MGO3,MGS3,MGO4,MGS4,MGO5,MGS5,MGO6,MGS6,MGO7,MGS7,MGO8,MGS8,MGO9,MGS9,MGO10,MGS10,MGO11,MGS11,MGO12,MGS12,MGO13,MGS13,MGO14,MGS14,MGO15,MGS15,MGO16,MGS16,MGO17,MGS17,AttCheck,Age,Race_1,Race_2,Race_3,Race_4,Race_5,Race_6,Race_7,Rel,Eng,Emp_status,Income,Education,Gender,pol_party_1,pol_party_2,pol_party_3,pol_party_4,pol_soc,pol_econ,Condition,subj,Other1Self0,Public1Priv0,MoralGood1,MoralGood2,MoralGood3,MoralGood4,MoralGood5,MoralGood6,MoralGood7,MoralGood8,MoralGood9,MoralGood10,MoralGood11,MoralGood12,MoralGood13,MoralGood14,MoralGood15,MoralGood16,MoralGood17,Race,PartyID,Ideology
,7,,4,,7,,7,,7,,4,,7,,7,,7,,7,,7,,7,,7,,7,,4,,4,,7,`orange,43,1,,,,,,#NULL!,5,1,1,6,2,2,,,1,,4,4,SelfPrivate,1,0,0,7,4,7,7,7,4,7,7,7,7,7,7,7,7,4,4,7,White,Ind,4
,7,,7,,5,,7,,7,,7,,7,,7,,7,,7,,7,,4,,7,,7,,7,,5,,7,orange,41,1,,,,,,#NULL!,2,1,1,9,5,1,1,,,,8,10,SelfPublic,2,0,1,7,7,5,7,7,7,7,7,7,7,7,4,7,7,7,5,7,White,Rep,9
1,,1,,5,,4,,7,,1,,7,,4,,4,,5,,4,,1,,4,,4,,1,,6,,6,,orange,24,,,,1,,,#NULL!,2,1,1,7,6,2,,,1,,8,8,OtherPublic,3,1,1,1,1,5,4,7,1,7,4,4,5,4,1,4,4,1,6,6,Asian,Ind,8
3,,3,,3,,3,,3,,3,,3,,3,,3,,3,,3,,3,,3,,3,,3,,3,,3,,orange,33,1,,,,,,#NULL!,2,1,1,6,2,1,1,,,,10,4,OtherPublic,4,1,1,3,3,3,3,3,3,3,3,3,3,3,3,3,3,3,3,3,White,Rep,7
,5,,6,,7,,7,,7,,4,,7,,6,,6,,4,,4,,5,,5,,6,,5,,7,,5,orange,35,1,,,,,,#NULL!,2,1,1,6,5,2,,,1,,9,9,SelfPublic,5,0,1,5,6,7,7,7,4,7,6,6,4,4,5,5,6,5,7,5,White,Ind,9
7,,6,,6,,7,,7,,6,,7,,7,,6,,7,,6,,7,,7,,7,,7,,7,,7,,orange,69,1,,,,,,#NULL!,3,1,1,6,3,1,,1,,,3,3,OtherPrivate,6,1,0,7,6,6,7,7,6,7,7,6,7,6,7,7,7,7,7,7,White,Dem,3
6,,5,,5,,6,,6,,6,,7,,7,,6,,6,,5,,5,,6,,6,,5,,5,,6,,orange,34,,,,1,,1,#NULL!,1,1,1,7,6,2,,1,,,1,1,OtherPrivate,7,1,0,6,5,5,6,6,6,7,7,6,6,5,5,6,6,5,5,6,Other,Dem,1
4,,7,,4,,5,,7,,6,,6,,7,,5,,6,,4,,4,,6,,6,,6,,6,,7,,orange,51,,1,,,,,#NULL!,3,1,1,6,2,2,,1,,,9,8,OtherPublic,8,1,1,4,7,4,5,7,6,6,7,5,6,4,4,6,6,6,6,7,Black,Dem,8.5
4,,4,,5,,5,,5,,5,,5,,5,,5,,5,,4,,4,,5,,5,,4,,5,,5,,orange,41,,,,1,,,#NULL!,1,1,1,6,6,1,,1,,,2,2,OtherPublic,9,1,1,4,4,5,5,5,5,5,5,5,5,4,4,5,5,4,5,5,Asian,Dem,2
6,,6,,6,,6,,6,,6,,6,,6,,6,,6,,6,,6,,6,,6,,6,,6,,6,,orange,27,1,,,,,,#NULL!,1,1,1,6,5,2,,,1,,2,2,OtherPrivate,10,1,0,6,6,6,6,6,6,6,6,6,6,6,6,6,6,6,6,6,White,Ind,2
,4,,5,,6,,7,,7,,6,,7,,7,,7,,6,,5,,5,,7,,7,,4,,5,,6,orange,64,1,,,,,,#NULL!,4,1,9,8,6,2,,,1,,8,9,SelfPrivate,11,0,0,4,5,6,7,7,6,7,7,7,6,5,5,7,7,4,5,6,White,Ind,8.5
3,,5,,5,,6,,5,,4,,5,,5,,5,,4,,4,,5,,3,,6,,2,,5,,5,,orange,34,1,,,,,,#NULL!,1,1,1,5,3,1,1,,,,9,9,OtherPublic,12,1,1,3,5,5,6,5,4,5,5,5,4,4,5,3,6,2,5,5,White,Rep,9
,1,,6,,7,,5,,6,,5,,3,,3,,2,,3,,5,,2,,1,,3,,2,,2,,5,orange,61,1,,,,,,#NULL!,1,1,1,8,4,1,1,,,,4,8,SelfPublic,13,0,1,1,6,7,5,6,5,3,3,2,3,5,2,1,3,2,2,5,White,Rep,6
,7,,7,,7,,7,,7,,7,,7,,7,,7,,7,,7,,7,,7,,7,,7,,7,,7,orange,33,,1,,,,,#NULL!,4,1,1,7,5,1,1,,,,10,10,SelfPrivate,14,0,0,7,7,7,7,7,7,7,7,7,7,7,7,7,7,7,7,7,Black,Rep,10
,7,,7,,7,,7,,7,,7,,7,,7,,7,,6,,4,,5,,7,,7,,3,,7,,7,orange,50,1,,,,,,#NULL!,1,1,8,2,5,2,,1,,,1,2,SelfPrivate,15,0,0,7,7,7,7,7,7,7,7,7,6,4,5,7,7,3,7,7,White,Dem,1.5
6,,7,,7,,7,,7,,7,,5,,7,,7,,7,,7,,7,,7,,7,,5,,7,,7,,orange,39,1,,,,,,#NULL!,3,1,1,8,5,2,1,,,,10,8,OtherPublic,16,1,1,6,7,7,7,7,7,5,7,7,7,7,7,7,7,5,7,7,White,Rep,9
,5,,6,,6,,6,,6,,5,,6,,6,,5,,5,,6,,5,,6,,5,,4,,4,,6,orange,43,1,,,,,,#NULL!,3,1,1,5,3,1,,1,,,2,2,SelfPublic,17,0,1,5,6,6,6,6,5,6,6,5,5,6,5,6,5,4,4,6,White,Dem,2
6,,6,,6,,7,,6,,5,,5,,6,,5,,6,,6,,5,,5,,5,,6,,6,,6,,orange,32,1,,,,,,#NULL!,4,1,8,1,2,1,1,,,,9,9,OtherPublic,18,1,1,6,6,6,7,6,5,5,6,5,6,6,5,5,5,6,6,6,White,Rep,9
4,,4,,4,,4,,4,,4,,4,,4,,4,,4,,4,,4,,4,,4,,4,,4,,4,,orange,38,1,,,,,,#NULL!,1,1,8,8,6,2,,1,,,2,3,OtherPublic,19,1,1,4,4,4,4,4,4,4,4,4,4,4,4,4,4,4,4,4,White,Dem,2.5
7,,4,,4,,7,,7,,4,,4,,6,,7,,7,,6,,7,,7,,7,,4,,5,,6,,orange,72,1,,,,,,#NULL!,2,1,6,7,5,1,,1,,,3,3,OtherPrivate,20,1,0,7,4,4,7,7,4,4,6,7,7,6,7,7,7,4,5,6,White,Dem,3
6,,6,,6,,6,,6,,6,,7,,6,,6,,6,,6,,6,,6,,6,,6,,6,,6,,orange,23,1,,,,,,#NULL!,4,1,1,9,3,1,1,,,,10,3,OtherPrivate,21,1,0,6,6,6,6,6,6,7,6,6,6,6,6,6,6,6,6,6,White,Rep,6.5
5,,5,,5,,6,,5,,5,,6,,5,,6,,6,,5,,6,,5,,6,,4,,6,,6,,orange,71,1,,,,,,#NULL!,3,1,1,4,5,2,,1,,,9,9,OtherPrivate,22,1,0,5,5,5,6,5,5,6,5,6,6,5,6,5,6,4,6,6,White,Dem,9
7,,7,,7,,7,,7,,7,,7,,7,,7,,7,,7,,7,,7,,7,,7,,7,,7,,orange,44,,,,1,,,#NULL!,1,1,2,8,5,2,,,1,,4,4,OtherPrivate,23,1,0,7,7,7,7,7,7,7,7,7,7,7,7,7,7,7,7,7,Asian,Ind,4
5,,5,,5,,5,,7,,6,,7,,6,,3,,5,,5,,3,,5,,4,,3,,4,,4,,orange,34,1,,,,,,#NULL!,1,1,1,3,5,1,,1,,,3,3,OtherPublic,24,1,1,5,5,5,5,7,6,7,6,3,5,5,3,5,4,3,4,4,White,Dem,3
4,,5,,5,,6,,5,,5,,5,,5,,5,,6,,5,,4,,5,,5,,4,,4,,5,,orange,49,1,,,,,,#NULL!,1,1,7,2,4,2,,,1,,8,2,OtherPublic,25,1,1,4,5,5,6,5,5,5,5,5,6,5,4,5,5,4,4,5,White,Ind,5
,4,,5,,4,,6,,6,,5,,6,,6,,6,,4,,4,,6,,4,,6,,4,,6,,4,orange,62,1,,,,,,#NULL!,2,1,2,7,5,1,,,1,,3,4,SelfPrivate,26,0,0,4,5,4,6,6,5,6,6,6,4,4,6,4,6,4,6,4,White,Ind,3.5
4,,4,,5,,5,,7,,4,,6,,7,,4,,4,,3,,4,,7,,6,,5,,3,,6,,orange,27,1,,,,,,#NULL!,4,1,1,7,5,1,1,,,,9,10,OtherPublic,27,1,1,4,4,5,5,7,4,6,7,4,4,3,4,7,6,5,3,6,White,Rep,9.5
3,,5,,5,,6,,6,,5,,5,,3,,5,,5,,5,,4,,5,,5,,3,,5,,3,,orange,63,1,,,,,,#NULL!,3,1,1,8,5,1,1,,,,10,10,OtherPrivate,28,1,0,3,5,5,6,6,5,5,3,5,5,5,4,5,5,3,5,3,White,Rep,10
6,,5,,5,,6,,6,,5,,6,,6,,6,,6,,6,,6,,6,,6,,5,,5,,6,,orange,61,1,,,,,,#NULL!,3,1,2,8,5,2,,1,,,2,2,OtherPrivate,29,1,0,6,5,5,6,6,5,6,6,6,6,6,6,6,6,5,5,6,White,Dem,2
,5,,5,,5,,6,,7,,5,,7,,6,,6,,6,,5,,5,,7,,7,,3,,5,,7,orange,60,1,,,,,,#NULL!,3,1,1,6,6,2,,1,,,1,3,SelfPrivate,30,0,0,5,5,5,6,7,5,7,6,6,6,5,5,7,7,3,5,7,White,Dem,2
5,,4,,5,,5,,4,,4,,5,,6,,3,,3,,4,,5,,6,,3,,2,,3,,3,,orange,51,1,,,,,,#NULL!,2,1,8,6,5,2,,,1,,4,3,OtherPublic,31,1,1,5,4,5,5,4,4,5,6,3,3,4,5,6,3,2,3,3,White,Ind,3.5
,4,,5,,5,,6,,6,,5,,6,,7,,6,,6,,5,,5,,6,,6,,4,,6,,7,orange,45,1,,,,,,#NULL!,1,1,1,8,6,1,,1,,,2,4,SelfPrivate,32,0,0,4,5,5,6,6,5,6,7,6,6,5,5,6,6,4,6,7,White,Dem,3
5,,5,,6,,6,,6,,4,,7,,5,,5,,6,,6,,5,,6,,5,,4,,6,,6,,orange,44,1,,,,,,#NULL!,3,1,7,8,6,2,,1,,,2,3,OtherPublic,33,1,1,5,5,6,6,6,4,7,5,5,6,6,5,6,5,4,6,6,White,Dem,2.5
,5,,6,,5,,6,,6,,6,,6,,6,,6,,6,,6,,5,,7,,5,,5,,7,,7,orange,32,,,,1,,,#NULL!,3,1,1,8,6,1,1,,,,10,3,SelfPublic,34,0,1,5,6,5,6,6,6,6,6,6,6,6,5,7,5,5,7,7,Asian,Rep,6.5
1,,2,,7,,7,,6,,7,,7,,5,,6,,5,,5,,6,,7,,6,,6,,5,,6,,orange,35,1,,,,,,#NULL!,2,1,1,7,4,1,,,1,,4,4,OtherPublic,35,1,1,1,2,7,7,6,7,7,5,6,5,5,6,7,6,6,5,6,White,Ind,4
,6,,7,,6,,7,,6,,6,,7,,6,,7,,6,,6,,6,,6,,5,,6,,7,,6,orange,32,1,,,,,,#NULL!,4,1,7,5,4,2,1,,,,10,9,SelfPrivate,36,0,0,6,7,6,7,6,6,7,6,7,6,6,6,6,5,6,7,6,White,Rep,9.5
,4,,4,,5,,5,,6,,5,,7,,5,,4,,5,,4,,6,,5,,5,,4,,5,,5,orange,39,1,,,,,,#NULL!,1,1,1,2,5,1,,1,,,1,4,SelfPublic,37,0,1,4,4,5,5,6,5,7,5,4,5,4,6,5,5,4,5,5,White,Dem,2.5
5,,5,,6,,6,,6,,5,,6,,6,,5,,6,,5,,5,,5,,5,,4,,6,,5,,orange,38,1,,,,,,#NULL!,1,1,1,7,3,2,1,,,,8,8,OtherPublic,38,1,1,5,5,6,6,6,5,6,6,5,6,5,5,5,5,4,6,5,White,Rep,8
,6,,6,,6,,6,,7,,7,,7,,6,,6,,6,,6,,6,,6,,6,,6,,6,,6,orange,40,1,,,,,,#NULL!,3,1,2,7,3,2,,1,,,2,2,SelfPrivate,39,0,0,6,6,6,6,7,7,7,6,6,6,6,6,6,6,6,6,6,White,Dem,2
,4,,4,,4,,6,,7,,6,,6,,6,,5,,4,,3,,7,,5,,6,,4,,5,,5,orange,40,,1,,,,,#NULL!,4,1,1,3,6,1,,1,,,1,1,SelfPublic,40,0,1,4,4,4,6,7,6,6,6,5,4,3,7,5,6,4,5,5,Black,Dem,1
,6,,6,,6,,6,,6,,7,,6,,7,,7,,6,,6,,6,,6,,6,,6,,6,,6,orange,70,,1,,,,,#NULL!,3,1,6,2,3,1,,1,,,3,3,SelfPrivate,41,0,0,6,6,6,6,6,7,6,7,7,6,6,6,6,6,6,6,6,Black,Dem,3
3,,5,,5,,5,,5,,3,,5,,4,,5,,5,,5,,5,,5,,5,,2,,2,,5,,orange,58,1,,,,,,#NULL!,2,1,1,9,5,1,,1,,,3,3,OtherPublic,42,1,1,3,5,5,5,5,3,5,4,5,5,5,5,5,5,2,2,5,White,Dem,3
3,,4,,3,,4,,4,,3,,4,,5,,2,,2,,3,,2,,4,,3,,4,,4,,4,,orange,50,1,,,,,,#NULL!,3,1,1,2,5,1,,1,,,1,1,OtherPrivate,43,1,0,3,4,3,4,4,3,4,5,2,2,3,2,4,3,4,4,4,White,Dem,1
6,,5,,4,,4,,4,,4,,5,,4,,6,,4,,4,,5,,5,,4,,3,,5,,4,,orange,37,1,,,,,,#NULL!,1,1,1,4,2,1,,1,,,3,3,OtherPublic,44,1,1,6,5,4,4,4,4,5,4,6,4,4,5,5,4,3,5,4,White,Dem,3
6,,6,,6,,6,,6,,6,,6,,6,,6,,6,,6,,6,,6,,6,,6,,6,,6,,orange,38,1,,,,,,#NULL!,1,1,8,3,2,1,,,1,,4,4,OtherPrivate,45,1,0,6,6,6,6,6,6,6,6,6,6,6,6,6,6,6,6,6,White,Ind,4
,7,,1,,4,,7,,7,,1,,7,,7,,4,,4,,4,,4,,4,,4,,1,,1,,7,orange,42,,1,,,,,#NULL!,1,1,1,2,2,1,,1,,,3,3,SelfPublic,46,0,1,7,1,4,7,7,1,7,7,4,4,4,4,4,4,1,1,7,Black,Dem,3
,5,,5,,6,,6,,5,,5,,6,,6,,5,,4,,5,,3,,5,,5,,2,,2,,7,orange,45,1,,,,,,#NULL!,1,1,1,9,5,2,1,,,,10,10,SelfPublic,47,0,1,5,5,6,6,5,5,6,6,5,4,5,3,5,5,2,2,7,White,Rep,10
6,,5,,6,,7,,7,,4,,7,,7,,7,,6,,5,,6,,7,,6,,4,,6,,7,,orange,45,1,,,,,,#NULL!,1,1,3,6,5,2,,,1,,1,2,OtherPublic,48,1,1,6,5,6,7,7,4,7,7,7,6,5,6,7,6,4,6,7,White,Ind,1.5
,5,,5,,5,,5,,5,,5,,5,,5,,5,,5,,4,,3,,4,,5,,5,,5,,5,orange,45,1,,,,,,#NULL!,3,1,8,8,6,2,1,,,,4,9,SelfPrivate,49,0,0,5,5,5,5,5,5,5,5,5,5,4,3,4,5,5,5,5,White,Rep,6.5
4,,4,,4,,6,,4,,5,,6,,5,,5,,5,,5,,4,,5,,5,,4,,5,,6,,orange,35,1,,,,,,#NULL!,3,1,1,7,5,1,1,,,,10,10,OtherPublic,50,1,1,4,4,4,6,4,5,6,5,5,5,5,4,5,5,4,5,6,White,Rep,10
7,,5,,7,,7,,7,,7,,7,,7,,7,,7,,4,,7,,7,,7,,4,,7,,7,,orange,33,1,,,,,,#NULL!,3,1,7,7,5,2,1,,,,10,10,OtherPrivate,51,1,0,7,5,7,7,7,7,7,7,7,7,4,7,7,7,4,7,7,White,Rep,10
4,,4,,5,,6,,6,,4,,6,,6,,5,,6,,6,,4,,6,,6,,4,,4,,5,,orange,60,1,,,,,,#NULL!,1,1,6,1,5,1,,,,1,3,10,OtherPrivate,52,1,0,4,4,5,6,6,4,6,6,5,6,6,4,6,6,4,4,5,White,Other,6.5
6,,6,,6,,6,,7,,6,,6,,6,,6,,6,,6,,6,,6,,6,,6,,6,,6,,orange,53,1,,,,,,#NULL!,2,1,1,9,5,1,1,,,,9,9,OtherPrivate,53,1,0,6,6,6,6,7,6,6,6,6,6,6,6,6,6,6,6,6,White,Rep,9
,5,,5,,5,,6,,6,,5,,5,,5,,5,,5,,4,,5,,5,,5,,4,,5,,5,orange,28,1,,,,,,#NULL!,3,1,1,2,2,1,1,,,,10,10,SelfPublic,54,0,1,5,5,5,6,6,5,5,5,5,5,4,5,5,5,4,5,5,White,Rep,10
,4,,5,,5,,6,,7,,5,,7,,6,,4,,5,,5,,6,,6,,4,,4,,4,,6,orange,46,,,,,,1,#NULL!,1,1,1,3,5,2,,1,,,1,2,SelfPublic,55,0,1,4,5,5,6,7,5,7,6,4,5,5,6,6,4,4,4,6,Other,Dem,1.5
,5,,4,,4,,7,,7,,5,,6,,6,,5,,4,,4,,4,,5,,5,,3,,3,,6,orange,40,1,,,,,,#NULL!,1,1,1,6,5,1,,1,,,2,2,SelfPublic,56,0,1,5,4,4,7,7,5,6,6,5,4,4,4,5,5,3,3,6,White,Dem,2
,4,,2,,4,,4,,5,,3,,5,,4,,3,,4,,4,,3,,5,,2,,2,,5,,5,orange,34,1,,,,,,#NULL!,1,2,4,3,3,2,,1,,,3,1,SelfPublic,57,0,1,4,2,4,4,5,3,5,4,3,4,4,3,5,2,2,5,5,White,Dem,2
,6,,3,,6,,6,,3,,3,,3,,6,,6,,6,,6,,3,,6,,6,,4,,4,,6,orange,34,1,,,,,,#NULL!,3,1,8,1,3,1,1,,,,4,4,SelfPublic,58,0,1,6,3,6,6,3,3,3,6,6,6,6,3,6,6,4,4,6,White,Rep,4
,6,,7,,5,,6,,5,,5,,4,,5,,5,,4,,4,,4,,6,,7,,6,,5,,5,orange,34,1,,,,,,#NULL!,1,1,1,8,6,1,,,1,,3,10,SelfPrivate,59,0,0,6,7,5,6,5,5,4,5,5,4,4,4,6,7,6,5,5,White,Ind,6.5
,6,,6,,5,,7,,7,,5,,6,,6,,6,,5,,5,,6,,6,,7,,5,,6,,7,orange,38,1,,,,,,#NULL!,1,1,1,8,5,1,,,1,,2,3,SelfPrivate,60,0,0,6,6,5,7,7,5,6,6,6,5,5,6,6,7,5,6,7,White,Ind,2.5
5,,5,,6,,7,,7,,5,,6,,7,,5,,6,,6,,5,,7,,6,,5,,6,,6,,orange,47,1,,,,,,#NULL!,3,1,1,6,5,1,1,,,,3,8,OtherPrivate,61,1,0,5,5,6,7,7,5,6,7,5,6,6,5,7,6,5,6,6,White,Rep,5.5
,4,,3,,4,,5,,5,,4,,4,,5,,4,,4,,3,,4,,5,,5,,2,,4,,4,orange,65,1,,,,,,#NULL!,1,1,1,3,2,2,,1,,,3,3,SelfPublic,62,0,1,4,3,4,5,5,4,4,5,4,4,3,4,5,5,2,4,4,White,Dem,3
4,,4,,6,,5,,4,,6,,4,,5,,6,,4,,6,,3,,4,,4,,5,,4,,6,,orange,,1,1,1,,,,#NULL!,3,1,3,6,3,1,,,1,,4,4,OtherPrivate,63,1,0,4,4,6,5,4,6,4,5,6,4,6,3,4,4,5,4,6,AmerInd,Ind,4
4,,4,,4,,5,,6,,5,,5,,4,,5,,4,,5,,4,,5,,5,,4,,4,,4,,orange,45,1,,,,,,#NULL!,3,1,1,9,6,1,1,,,,10,10,OtherPrivate,64,1,0,4,4,4,5,6,5,5,4,5,4,5,4,5,5,4,4,4,White,Rep,10
5,,6,,5,,5,,6,,7,,7,,7,,6,,6,,4,,6,,6,,7,,6,,6,,7,,orange,25,1,,,,,,#NULL!,1,1,9,3,1,3,,1,,,1,1,OtherPrivate,65,1,0,5,6,5,5,6,7,7,7,6,6,4,6,6,7,6,6,7,White,Dem,1
6,,6,,6,,7,,7,,6,,7,,7,,6,,6,,6,,6,,6,,6,,6,,6,,7,,orange,45,,,,1,,,#NULL!,1,1,1,5,5,1,,1,,,1,2,OtherPublic,66,1,1,6,6,6,7,7,6,7,7,6,6,6,6,6,6,6,6,7,Asian,Dem,1.5
7,,7,,6,,7,,7,,7,,7,,7,,7,,7,,6,,6,,7,,7,,6,,6,,7,,orange,37,,,,,,1,#NULL!,3,1,8,9,6,2,,1,,,2,1,OtherPrivate,67,1,0,7,7,6,7,7,7,7,7,7,7,6,6,7,7,6,6,7,Other,Dem,1.5
,5,,6,,5,,6,,6,,5,,5,,5,,2,,5,,5,,6,,5,,2,,2,,5,,6,orange,27,1,,,,,,#NULL!,1,1,4,1,5,2,,,1,,4,4,SelfPublic,68,0,1,5,6,5,6,6,5,5,5,2,5,5,6,5,2,2,5,6,White,Ind,4
,4,,4,,4,,5,,6,,4,,6,,5,,6,,4,,4,,4,,5,,6,,4,,5,,4,orange,67,,,,1,,,#NULL!,1,1,3,1,3,1,,,1,,2,2,SelfPrivate,69,0,0,4,4,4,5,6,4,6,5,6,4,4,4,5,6,4,5,4,Asian,Ind,2
7,,7,,7,,7,,7,,7,,7,,7,,7,,7,,7,,7,,7,,7,,7,,7,,7,,orange,40,,1,,,,,#NULL!,4,1,1,2,5,2,,1,,,1,1,OtherPrivate,70,1,0,7,7,7,7,7,7,7,7,7,7,7,7,7,7,7,7,7,Black,Dem,1
3,,7,,6,,6,,7,,5,,7,,5,,5,,5,,5,,5,,7,,5,,5,,7,,7,,orange,43,1,,,,,,#NULL!,1,1,8,3,1,2,1,,,,8,8,OtherPublic,71,1,1,3,7,6,6,7,5,7,5,5,5,5,5,7,5,5,7,7,White,Rep,8
7,,7,,7,,7,,7,,7,,7,,7,,7,,7,,7,,7,,7,,7,,7,,7,,7,,orange,43,1,,,,,,#NULL!,1,1,1,9,6,2,1,,,,8,8,OtherPrivate,72,1,0,7,7,7,7,7,7,7,7,7,7,7,7,7,7,7,7,7,White,Rep,8
,6,,5,,6,,7,,6,,6,,7,,6,,6,,6,,7,,6,,6,,6,,6,,6,,5,orange,28,1,,,,,,#NULL!,1,1,2,2,3,2,,1,,,2,3,SelfPrivate,73,0,0,6,5,6,7,6,6,7,6,6,6,7,6,6,6,6,6,5,White,Dem,2.5
,4,,6,,6,,6,,7,,6,,6,,6,,5,,6,,6,,4,,6,,5,,3,,3,,7,orange,56,1,,,,,,#NULL!,3,1,8,1,3,2,,,1,,10,3,SelfPublic,74,0,1,4,6,6,6,7,6,6,6,5,6,6,4,6,5,3,3,7,White,Ind,6.5
1,,7,,7,,7,,7,,4,,7,,7,,1,,7,,7,,1,,7,,1,,1,,7,,7,,orange,55,,1,,,,,#NULL!,1,2,1,6,3,1,,,1,,4,4,OtherPublic,75,1,1,1,7,7,7,7,4,7,7,1,7,7,1,7,1,1,7,7,Black,Ind,4
,4,,4,,4,,6,,5,,4,,6,,6,,6,,6,,4,,4,,6,,5,,4,,5,,5,orange,49,1,,,,,,#NULL!,1,1,1,5,3,1,,1,,,4,4,SelfPrivate,76,0,0,4,4,4,6,5,4,6,6,6,6,4,4,6,5,4,5,5,White,Dem,4
,7,,6,,6,,7,,7,,7,,6,,7,,6,,6,,7,,7,,7,,7,,7,,7,,7,orange,32,,1,,,,,#NULL!,3,1,1,5,3,2,,1,,,1,1,SelfPrivate,77,0,0,7,6,6,7,7,7,6,7,6,6,7,7,7,7,7,7,7,Black,Dem,1
4,,7,,6,,6,,6,,5,,5,,6,,5,,6,,5,,4,,6,,5,,5,,5,,6,,orange,55,1,,,,,,#NULL!,1,1,1,8,6,1,,1,,,2,2,OtherPublic,78,1,1,4,7,6,6,6,5,5,6,5,6,5,4,6,5,5,5,6,White,Dem,2
5,,5,,6,,6,,5,,5,,6,,5,,6,,6,,5,,5,,5,,6,,5,,5,,6,,orange,25,,,,1,,,#NULL!,1,1,1,5,5,1,1,,,,8,8,OtherPublic,79,1,1,5,5,6,6,5,5,6,5,6,6,5,5,5,6,5,5,6,Asian,Rep,8
,5,,4,,4,,5,,4,,4,,5,,4,,4,,3,,4,,4,,5,,5,,4,,3,,5,orange,57,1,,,,,,#NULL!,1,1,1,4,5,2,,,1,,3,4,SelfPublic,80,0,1,5,4,4,5,4,4,5,4,4,3,4,4,5,5,4,3,5,White,Ind,3.5
,1,,1,,1,,7,,7,,2,,7,,7,,1,,2,,7,,4,,6,,5,,1,,4,,6,orange,46,1,,1,,,,#NULL!,2,1,2,3,3,2,1,,,,9,9,SelfPublic,81,0,1,1,1,1,7,7,2,7,7,1,2,7,4,6,5,1,4,6,AmerInd,Rep,9
2,,3,,6,,7,,7,,6,,6,,6,,6,,6,,5,,7,,5,,7,,3,,5,,5,,orange,35,,1,,,,,#NULL!,1,1,1,6,2,1,,1,,,4,2,OtherPrivate,82,1,0,2,3,6,7,7,6,6,6,6,6,5,7,5,7,3,5,5,Black,Dem,3
,4,,5,,4,,6,,6,,4,,6,,5,,4,,6,,5,,5,,5,,4,,4,,5,,5,orange,73,1,,,,,,#NULL!,1,1,6,4,6,2,,1,,,2,3,SelfPublic,83,0,1,4,5,4,6,6,4,6,5,4,6,5,5,5,4,4,5,5,White,Dem,2.5
,5,,5,,5,,7,,6,,5,,6,,6,,6,,5,,6,,4,,6,,5,,4,,5,,5,orange,62,1,,,,,,#NULL!,1,1,8,7,6,1,,1,,,2,3,SelfPrivate,84,0,0,5,5,5,7,6,5,6,6,6,5,6,4,6,5,4,5,5,White,Dem,2.5
,4,,4,,4,,4,,4,,4,,4,,4,,5,,5,,4,,5,,4,,5,,4,,4,,4,orange,30,,1,,,,,#NULL!,1,1,1,7,5,2,,1,,,1,1,SelfPublic,85,0,1,4,4,4,4,4,4,4,4,5,5,4,5,4,5,4,4,4,Black,Dem,1
3,,4,,4,,5,,5,,4,,5,,4,,5,,3,,4,,5,,5,,5,,4,,6,,5,,orange,47,1,,,,,,#NULL!,2,1,8,7,4,2,,,1,,3,8,OtherPublic,86,1,1,3,4,4,5,5,4,5,4,5,3,4,5,5,5,4,6,5,White,Ind,5.5
4,,4,,4,,4,,4,,4,,4,,4,,4,,4,,4,,4,,4,,4,,4,,4,,4,,orange,34,1,,,,,,#NULL!,1,1,8,4,3,2,,,,1,4,4,OtherPublic,87,1,1,4,4,4,4,4,4,4,4,4,4,4,4,4,4,4,4,4,White,Other,4
,5,,3,,5,,6,,6,,5,,6,,6,,6,,6,,5,,6,,5,,7,,4,,5,,6,orange,50,,,,1,,,#NULL!,4,2,1,8,5,1,1,,,,9,4,SelfPrivate,88,0,0,5,3,5,6,6,5,6,6,6,6,5,6,5,7,4,5,6,Asian,Rep,6.5
,5,,4,,4,,5,,5,,5,,4,,5,,4,,4,,4,,4,,4,,4,,4,,4,,5,orange,28,1,,,,,,#NULL!,1,1,1,5,5,1,,1,,,2,2,SelfPublic,89,0,1,5,4,4,5,5,5,4,5,4,4,4,4,4,4,4,4,5,White,Dem,2
7,,6,,6,,7,,7,,7,,7,,7,,6,,7,,7,,6,,7,,7,,6,,7,,7,,orange,67,1,,,,,,#NULL!,1,1,2,9,6,2,,1,,,3,3,OtherPrivate,90,1,0,7,6,6,7,7,7,7,7,6,7,7,6,7,7,6,7,7,White,Dem,3
6,,5,,5,,6,,7,,5,,7,,5,,6,,5,,5,,4,,6,,6,,6,,6,,6,,orange,39,1,,,,,,#NULL!,1,1,2,3,5,1,,1,,,1,1,OtherPrivate,91,1,0,6,5,5,6,7,5,7,5,6,5,5,4,6,6,6,6,6,White,Dem,1
6,,6,,6,,6,,6,,6,,6,,6,,6,,6,,6,,6,,6,,6,,6,,6,,6,,orange,45,1,,,,,,#NULL!,3,1,1,7,3,1,,1,,,1,3,OtherPublic,92,1,1,6,6,6,6,6,6,6,6,6,6,6,6,6,6,6,6,6,White,Dem,2
,6,,6,,5,,5,,7,,3,,6,,6,,5,,5,,5,,5,,7,,6,,5,,7,,7,orange,34,1,,,,,,#NULL!,1,1,1,6,2,1,1,,,,8,8,SelfPublic,93,0,1,6,6,5,5,7,3,6,6,5,5,5,5,7,6,5,7,7,White,Rep,8
,5,,6,,6,,7,,7,,5,,5,,6,,7,,6,,6,,4,,7,,7,,6,,5,,6,orange,55,1,,,,,,#NULL!,2,1,1,7,4,1,1,,,,9,10,SelfPrivate,94,0,0,5,6,6,7,7,5,5,6,7,6,6,4,7,7,6,5,6,White,Rep,9.5
4,,6,,6,,6,,7,,4,,7,,7,,5,,6,,6,,4,,6,,5,,4,,5,,6,,orange,65,1,,,,,,#NULL!,3,1,1,5,5,1,,,1,,4,10,OtherPublic,95,1,1,4,6,6,6,7,4,7,7,5,6,6,4,6,5,4,5,6,White,Ind,7
5,,4,,4,,5,,5,,5,,5,,6,,5,,5,,5,,4,,5,,5,,4,,4,,5,,orange,38,1,,,,,,#NULL!,1,1,8,5,6,2,,,1,,2,2,OtherPrivate,96,1,0,5,4,4,5,5,5,5,6,5,5,5,4,5,5,4,4,5,White,Ind,2
,5,,3,,7,,5,,6,,5,,6,,5,,3,,3,,5,,6,,6,,5,,2,,3,,6,orange,62,1,,,,,,#NULL!,2,1,1,7,5,1,,1,,,2,2,SelfPublic,97,0,1,5,3,7,5,6,5,6,5,3,3,5,6,6,5,2,3,6,White,Dem,2
,5,,5,,5,,5,,7,,5,,7,,7,,5,,7,,5,,6,,5,,7,,5,,7,,5,orange,39,1,,,,,,#NULL!,3,1,1,7,3,1,1,,,,10,10,SelfPrivate,98,0,0,5,5,5,5,7,5,7,7,5,7,5,6,5,7,5,7,5,White,Rep,10
,7,,7,,7,,7,,7,,7,,7,,7,,7,,7,,7,,7,,7,,7,,7,,7,,7,orange,39,1,,,,,,#NULL!,1,1,1,8,5,2,1,,,,4,4,SelfPrivate,99,0,0,7,7,7,7,7,7,7,7,7,7,7,7,7,7,7,7,7,White,Rep,4
3,,5,,6,,6,,5,,5,,5,,4,,3,,5,,6,,4,,4,,4,,4,,7,,6,,orange,40,1,,,,,,#NULL!,2,1,2,5,5,2,1,,,,8,8,OtherPublic,100,1,1,3,5,6,6,5,5,5,4,3,5,6,4,4,4,4,7,6,White,Rep,8
,5,,5,,6,,7,,6,,7,,7,,7,,7,,6,,6,,7,,6,,7,,4,,4,,5,orange,35,1,,,,,,#NULL!,1,1,1,8,2,1,,1,,,1,3,SelfPrivate,101,0,0,5,5,6,7,6,7,7,7,7,6,6,7,6,7,4,4,5,White,Dem,2
,4,,4,,5,,6,,6,,4,,6,,6,,6,,4,,5,,4,,6,,2,,4,,5,,6,orange,36,1,,,1,,,#NULL!,2,1,1,6,5,1,,,1,,4,9,SelfPublic,102,0,1,4,4,5,6,6,4,6,6,6,4,5,4,6,2,4,5,6,Asian,Ind,6.5
,5,,6,,6,,5,,7,,6,,7,,7,,7,,7,,5,,4,,7,,7,,6,,5,,4,orange,33,1,,,,,,#NULL!,1,1,2,5,5,2,,1,,,2,2,SelfPrivate,103,0,0,5,6,6,5,7,6,7,7,7,7,5,4,7,7,6,5,4,White,Dem,2
7,,7,,7,,7,,7,,7,,7,,7,,7,,7,,7,,7,,7,,7,,7,,7,,7,,orange,40,1,,,,,,#NULL!,1,1,1,8,6,1,,1,,,1,1,OtherPrivate,104,1,0,7,7,7,7,7,7,7,7,7,7,7,7,7,7,7,7,7,White,Dem,1
,6,,5,,5,,6,,6,,4,,6,,6,,6,,6,,6,,4,,6,,6,,4,,5,,6,orange,66,1,,,,,,#NULL!,1,1,8,8,5,1,,,1,,2,9,SelfPrivate,105,0,0,6,5,5,6,6,4,6,6,6,6,6,4,6,6,4,5,6,White,Ind,5.5
5,,4,,5,,7,,6,,5,,6,,6,,5,,6,,5,,6,,6,,5,,4,,7,,7,,orange,52,1,,,,,,#NULL!,2,1,1,8,5,1,,1,,,4,4,OtherPublic,106,1,1,5,4,5,7,6,5,6,6,5,6,5,6,6,5,4,7,7,White,Dem,4
6,,4,,5,,5,,5,,7,,7,,5,,5,,5,,4,,6,,7,,5,,5,,5,,5,,orange,44,1,,1,,,,#NULL!,1,1,1,9,5,1,1,,,,10,4,OtherPrivate,107,1,0,6,4,5,5,5,7,7,5,5,5,4,6,7,5,5,5,5,AmerInd,Rep,7
5,,5,,6,,5,,5,,5,,5,,5,,5,,5,,5,,5,,5,,5,,6,,5,,6,,orange,29,1,,,,,,#NULL!,1,1,1,6,6,1,,1,,,2,2,OtherPrivate,108,1,0,5,5,6,5,5,5,5,5,5,5,5,5,5,5,6,5,6,White,Dem,2
6,,4,,5,,7,,7,,7,,6,,6,,5,,7,,5,,4,,5,,7,,6,,5,,4,,orange,28,1,,,,,,#NULL!,2,1,8,7,5,1,,,1,,2,3,OtherPrivate,109,1,0,6,4,5,7,7,7,6,6,5,7,5,4,5,7,6,5,4,White,Ind,2.5
,6,,6,,6,,7,,7,,6,,7,,7,,6,,6,,5,,6,,7,,6,,5,,4,,7,orange,35,,,,1,,,#NULL!,1,1,1,9,6,1,,1,,,2,4,SelfPublic,110,0,1,6,6,6,7,7,6,7,7,6,6,5,6,7,6,5,4,7,Asian,Dem,3
7,,7,,7,,7,,7,,7,,7,,7,,7,,7,,7,,7,,7,,7,,7,,7,,7,,orange,57,1,,,,,,#NULL!,1,1,1,7,5,2,,,1,,2,4,OtherPrivate,111,1,0,7,7,7,7,7,7,7,7,7,7,7,7,7,7,7,7,7,White,Ind,3
,5,,6,,6,,6,,6,,5,,6,,6,,6,,6,,6,,6,,6,,5,,6,,6,,6,orange,65,1,,,,,,#NULL!,1,1,6,5,5,2,,,1,,4,4,SelfPrivate,112,0,0,5,6,6,6,6,5,6,6,6,6,6,6,6,5,6,6,6,White,Ind,4
,5,,6,,6,,7,,7,,7,,7,,7,,3,,6,,7,,5,,7,,5,,7,,7,,7,orange,43,,1,,,,,#NULL!,2,1,1,6,3,2,,1,,,2,2,SelfPublic,113,0,1,5,6,6,7,7,7,7,7,3,6,7,5,7,5,7,7,7,Black,Dem,2
,4,,3,,4,,4,,3,,3,,5,,4,,3,,5,,4,,3,,3,,2,,4,,5,,5,orange,38,1,,,,,,#NULL!,1,1,8,6,5,1,,,1,,3,8,SelfPublic,114,0,1,4,3,4,4,3,3,5,4,3,5,4,3,3,2,4,5,5,White,Ind,5.5
7,,7,,7,,7,,7,,7,,7,,7,,7,,7,,7,,4,,7,,7,,7,,7,,7,,orange,36,1,,,,,,#NULL!,1,1,1,4,2,1,,1,,,1,1,OtherPublic,115,1,1,7,7,7,7,7,7,7,7,7,7,7,4,7,7,7,7,7,White,Dem,1
6,,7,,7,,7,,7,,7,,7,,7,,7,,7,,7,,6,,7,,6,,5,,7,,7,,orange,37,,,,1,,,#NULL!,2,2,3,9,6,2,,,1,,4,4,OtherPublic,116,1,1,6,7,7,7,7,7,7,7,7,7,7,6,7,6,5,7,7,Asian,Ind,4
6,,6,,6,,6,,6,,6,,6,,6,,6,,6,,6,,6,,6,,6,,6,,6,,6,,orange,55,1,,,,,,#NULL!,1,1,1,8,5,1,,,1,,3,8,OtherPrivate,117,1,0,6,6,6,6,6,6,6,6,6,6,6,6,6,6,6,6,6,White,Ind,5.5
2,,4,,2,,2,,2,,2,,2,,3,,5,,2,,2,,2,,5,,3,,4,,2,,2,,orange,48,1,,,,,,#NULL!,1,1,8,7,3,1,,1,,,1,1,OtherPublic,118,1,1,2,4,2,2,2,2,2,3,5,2,2,2,5,3,4,2,2,White,Dem,1
,4,,5,,6,,6,,7,,5,,5,,5,,3,,6,,5,,5,,5,,4,,4,,4,,6,orange,46,1,,,,,,#NULL!,4,1,8,7,4,2,1,,,,9,9,SelfPublic,119,0,1,4,5,6,6,7,5,5,5,3,6,5,5,5,4,4,4,6,White,Rep,9
,4,,4,,3,,4,,5,,4,,5,,5,,5,,4,,4,,4,,3,,5,,4,,4,,5,orange,62,1,,,,,,#NULL!,3,1,2,2,3,1,1,,,,8,8,SelfPublic,120,0,1,4,4,3,4,5,4,5,5,5,4,4,4,3,5,4,4,5,White,Rep,8
,4,,4,,4,,6,,6,,5,,6,,6,,5,,6,,5,,5,,6,,5,,4,,5,,5,orange,32,1,,,,,,#NULL!,1,1,1,4,3,2,,1,,,1,2,SelfPrivate,121,0,0,4,4,4,6,6,5,6,6,5,6,5,5,6,5,4,5,5,White,Dem,1.5
4,,5,,5,,7,,7,,6,,7,,7,,7,,6,,5,,5,,6,,6,,4,,5,,6,,orange,61,1,,,,,,#NULL!,1,1,8,5,4,2,,1,,,1,2,OtherPrivate,122,1,0,4,5,5,7,7,6,7,7,7,6,5,5,6,6,4,5,6,White,Dem,1.5
,5,,6,,6,,6,,7,,5,,7,,5,,7,,6,,6,,5,,7,,6,,3,,7,,7,orange,40,1,,,,,,#NULL!,2,1,3,7,5,1,1,,,,3,8,SelfPublic,123,0,1,5,6,6,6,7,5,7,5,7,6,6,5,7,6,3,7,7,White,Rep,5.5
,6,,6,,5,,5,,6,,5,,7,,7,,7,,5,,5,,6,,6,,7,,4,,5,,5,orange,70,1,,,,,,#NULL!,4,1,1,6,6,2,,1,,,8,8,SelfPublic,124,0,1,6,6,5,5,6,5,7,7,7,5,5,6,6,7,4,5,5,White,Dem,8
6,,5,,6,,6,,6,,6,,6,,6,,6,,5,,6,,5,,6,,6,,5,,6,,6,,orange,33,1,,,,,,#NULL!,1,1,1,5,5,2,,1,,,1,1,OtherPrivate,125,1,0,6,5,6,6,6,6,6,6,6,5,6,5,6,6,5,6,6,White,Dem,1
7,,7,,7,,7,,7,,7,,7,,7,,7,,7,,7,,7,,7,,7,,7,,6,,4,,orange,43,1,,,,,,#NULL!,1,1,1,3,3,2,,1,,,1,1,OtherPrivate,126,1,0,7,7,7,7,7,7,7,7,7,7,7,7,7,7,7,6,4,White,Dem,1
2,,3,,5,,6,,7,,3,,6,,6,,4,,4,,5,,6,,6,,7,,3,,5,,5,,orange,67,1,,,,,,#NULL!,1,1,1,9,5,1,1,,,,4,10,OtherPrivate,127,1,0,2,3,5,6,7,3,6,6,4,4,5,6,6,7,3,5,5,White,Rep,7
6,,7,,7,,7,,6,,5,,5,,6,,7,,6,,6,,6,,6,,6,,6,,6,,7,,orange,23,1,,,,,,#NULL!,1,1,1,6,5,1,,1,,,2,2,OtherPrivate,128,1,0,6,7,7,7,6,5,5,6,7,6,6,6,6,6,6,6,7,White,Dem,2
6,,6,,7,,7,,7,,6,,7,,7,,7,,7,,6,,6,,6,,7,,6,,5,,6,,orange,38,1,,,,,,#NULL!,4,1,1,8,6,1,1,,,,10,10,OtherPrivate,129,1,0,6,6,7,7,7,6,7,7,7,7,6,6,6,7,6,5,6,White,Rep,10
,6,,6,,6,,6,,6,,6,,6,,6,,6,,6,,6,,6,,6,,6,,6,,6,,6,orange,45,1,,,,,,#NULL!,4,1,7,1,2,2,1,,,,3,3,SelfPrivate,130,0,0,6,6,6,6,6,6,6,6,6,6,6,6,6,6,6,6,6,White,Rep,3
4,,4,,6,,7,,7,,6,,6,,7,,7,,6,,3,,4,,7,,5,,4,,4,,3,,orange,26,1,1,,,,,#NULL!,4,1,1,1,5,2,1,,,,3,3,OtherPrivate,131,1,0,4,4,6,7,7,6,6,7,7,6,3,4,7,5,4,4,3,Black,Rep,3
7,,4,,5,,6,,5,,7,,7,,5,,7,,6,,5,,5,,5,,5,,5,,4,,6,,orange,19,1,1,,,,,#NULL!,1,1,1,9,3,1,,1,,,1,1,OtherPrivate,132,1,0,7,4,5,6,5,7,7,5,7,6,5,5,5,5,5,4,6,Black,Dem,1
,6,,5,,6,,7,,7,,6,,7,,7,,7,,6,,5,,5,,7,,7,,5,,6,,6,orange,45,1,,,,,,#NULL!,2,1,1,7,6,2,,1,,,1,1,SelfPrivate,133,0,0,6,5,6,7,7,6,7,7,7,6,5,5,7,7,5,6,6,White,Dem,1
,4,,4,,6,,6,,6,,6,,5,,5,,5,,6,,5,,4,,6,,5,,4,,5,,6,orange,37,,1,,,,,#NULL!,2,1,1,5,4,2,,1,,,2,2,SelfPublic,134,0,1,4,4,6,6,6,6,5,5,5,6,5,4,6,5,4,5,6,Black,Dem,2
,6,,6,,6,,7,,7,,5,,7,,7,,5,,7,,6,,5,,6,,5,,5,,6,,7,orange,43,,1,,,,,#NULL!,2,1,1,8,6,2,,1,,,3,8,SelfPublic,135,0,1,6,6,6,7,7,5,7,7,5,7,6,5,6,5,5,6,7,Black,Dem,5.5
6,,5,,6,,7,,7,,6,,7,,7,,6,,6,,5,,7,,6,,7,,6,,5,,5,,orange,52,1,,,,,,#NULL!,3,1,1,8,4,1,1,,,,9,9,OtherPrivate,136,1,0,6,5,6,7,7,6,7,7,6,6,5,7,6,7,6,5,5,White,Rep,9
,6,,5,,6,,4,,6,,5,,5,,4,,6,,3,,4,,5,,6,,7,,6,,5,,5,orange,61,1,,,,,,#NULL!,3,1,1,7,6,1,,1,,,8,4,SelfPublic,137,0,1,6,5,6,4,6,5,5,4,6,3,4,5,6,7,6,5,5,White,Dem,6
2,,6,,7,,5,,5,,4,,3,,3,,4,,5,,5,,4,,5,,4,,4,,3,,4,,orange,56,,1,1,,,,#NULL!,2,1,3,1,3,2,,1,,,2,2,OtherPublic,138,1,1,2,6,7,5,5,4,3,3,4,5,5,4,5,4,4,3,4,AmerInd,Dem,2
,3,,5,,5,,4,,6,,5,,5,,5,,3,,4,,2,,5,,3,,3,,2,,5,,5,orange,23,1,,,,,,#NULL!,4,1,7,3,5,2,,,1,,3,3,SelfPublic,139,0,1,3,5,5,4,6,5,5,5,3,4,2,5,3,3,2,5,5,White,Ind,3
,5,,5,,4,,4,,6,,5,,5,,6,,4,,5,,4,,4,,6,,5,,5,,6,,6,orange,40,1,,,,,,#NULL!,1,1,3,2,2,1,,1,,,4,4,SelfPublic,140,0,1,5,5,4,4,6,5,5,6,4,5,4,4,6,5,5,6,6,White,Dem,4
7,,7,,7,,7,,7,,7,,7,,7,,7,,7,,7,,7,,7,,7,,7,,7,,7,,orange,38,,,,,,1,#NULL!,4,2,1,6,5,2,,1,,,9,9,OtherPrivate,141,1,0,7,7,7,7,7,7,7,7,7,7,7,7,7,7,7,7,7,Other,Dem,9
,5,,5,,5,,7,,7,,5,,7,,7,,7,,7,,6,,4,,7,,7,,5,,7,,7,orange,42,1,,,,,,#NULL!,3,1,7,6,3,2,,,1,,3,3,SelfPrivate,142,0,0,5,5,5,7,7,5,7,7,7,7,6,4,7,7,5,7,7,White,Ind,3
6,,6,,7,,7,,7,,5,,6,,7,,5,,6,,5,,5,,7,,6,,5,,6,,6,,orange,43,,,,1,,,#NULL!,2,1,2,2,3,1,1,,,,8,8,OtherPublic,143,1,1,6,6,7,7,7,5,6,7,5,6,5,5,7,6,5,6,6,Asian,Rep,8
,6,,6,,7,,7,,7,,7,,7,,7,,3,,7,,7,,5,,7,,3,,3,,7,,7,orange,46,1,,,,,,#NULL!,3,1,1,6,4,2,1,,,,10,10,SelfPublic,144,0,1,6,6,7,7,7,7,7,7,3,7,7,5,7,3,3,7,7,White,Rep,10
,5,,6,,7,,7,,7,,6,,6,,7,,6,,7,,6,,7,,6,,6,,5,,6,,5,orange,44,,1,,,,,#NULL!,4,1,1,1,6,2,1,,,,10,10,SelfPublic,145,0,1,5,6,7,7,7,6,6,7,6,7,6,7,6,6,5,6,5,Black,Rep,10
,4,,4,,5,,6,,7,,6,,7,,6,,3,,6,,5,,4,,5,,4,,5,,4,,6,orange,30,,1,,,,,#NULL!,4,1,1,5,5,2,,1,,,2,1,SelfPublic,146,0,1,4,4,5,6,7,6,7,6,3,6,5,4,5,4,5,4,6,Black,Dem,1.5
5,,4,,6,,6,,6,,5,,7,,7,,3,,6,,6,,4,,6,,6,,4,,1,,7,,orange,48,1,,,,,,#NULL!,4,1,1,6,5,1,,1,,,9,2,OtherPublic,147,1,1,5,4,6,6,6,5,7,7,3,6,6,4,6,6,4,1,7,White,Dem,5.5
5,,6,,6,,6,,5,,5,,4,,5,,3,,5,,6,,4,,5,,4,,6,,6,,6,,orange,26,,1,,,,,#NULL!,2,1,1,3,5,2,1,,,,8,8,OtherPrivate,148,1,0,5,6,6,6,5,5,4,5,3,5,6,4,5,4,6,6,6,Black,Rep,8
4,,3,,5,,6,,5,,4,,6,,5,,4,,6,,4,,4,,5,,4,,3,,5,,6,,orange,20,1,,,,,,#NULL!,1,1,5,8,3,1,,1,,,1,1,OtherPublic,149,1,1,4,3,5,6,5,4,6,5,4,6,4,4,5,4,3,5,6,White,Dem,1
4,,5,,5,,7,,6,,6,,7,,7,,6,,5,,6,,5,,5,,6,,5,,5,,6,,orange,21,,1,,,,,#NULL!,1,1,2,5,3,1,,1,,,3,3,OtherPublic,150,1,1,4,5,5,7,6,6,7,7,6,5,6,5,5,6,5,5,6,Black,Dem,3
,4,,7,,6,,6,,6,,6,,6,,6,,5,,7,,3,,6,,6,,5,,5,,2,,7,orange,55,,1,,,,,#NULL!,4,1,1,3,5,2,,1,,,4,4,SelfPublic,151,0,1,4,7,6,6,6,6,6,6,5,7,3,6,6,5,5,2,7,Black,Dem,4
3,,5,,5,,3,,5,,3,,4,,2,,3,,2,,2,,3,,5,,3,,3,,6,,3,,orange,23,1,,,,,,#NULL!,3,1,5,9,3,2,,,1,,3,8,OtherPublic,152,1,1,3,5,5,3,5,3,4,2,3,2,2,3,5,3,3,6,3,White,Ind,5.5
,6,,6,,6,,7,,6,,6,,7,,6,,6,,6,,6,,6,,6,,6,,4,,6,,7,orange,37,1,,,,,,#NULL!,3,1,1,6,5,1,,1,,,3,8,SelfPublic,153,0,1,6,6,6,7,6,6,7,6,6,6,6,6,6,6,4,6,7,White,Dem,5.5
5,,6,,5,,6,,6,,5,,6,,6,,5,,6,,5,,5,,6,,5,,3,,5,,6,,orange,47,1,,,,1,,#NULL!,2,1,3,5,4,2,1,,,,9,10,OtherPublic,154,1,1,5,6,5,6,6,5,6,6,5,6,5,5,6,5,3,5,6,PacIsland,Rep,9.5
6,,5,,6,,7,,6,,7,,7,,7,,7,,7,,4,,6,,7,,7,,5,,6,,7,,orange,32,,,,1,,,#NULL!,4,2,7,6,5,2,,1,,,3,4,OtherPrivate,155,1,0,6,5,6,7,6,7,7,7,7,7,4,6,7,7,5,6,7,Asian,Dem,3.5
,2,,7,,7,,6,,7,,7,,7,,7,,7,,7,,6,,7,,6,,7,,5,,7,,6,orange,23,1,,,,,,#NULL!,4,1,1,5,4,1,,1,1,,1,1,SelfPublic,156,0,1,2,7,7,6,7,7,7,7,7,7,6,7,6,7,5,7,6,White,Ind,1
,6,,5,,6,,6,,5,,5,,6,,7,,7,,6,,5,,6,,6,,5,,6,,5,,6,orange,41,1,,,,,,#NULL!,2,1,1,4,5,2,1,,,,9,9,SelfPrivate,157,0,0,6,5,6,6,5,5,6,7,7,6,5,6,6,5,6,5,6,White,Rep,9
,5,,4,,5,,5,,5,,4,,5,,5,,5,,5,,5,,5,,5,,5,,3,,5,,3,orange,39,,,,,,1,#NULL!,1,1,1,5,5,1,,,1,,4,4,SelfPrivate,158,0,0,5,4,5,5,5,4,5,5,5,5,5,5,5,5,3,5,3,Other,Ind,4
7,,4,,6,,6,,7,,4,,6,,6,,7,,7,,4,,5,,7,,6,,4,,4,,7,,orange,38,,1,,,,,#NULL!,2,1,8,8,3,2,,1,,,2,4,OtherPrivate,159,1,0,7,4,6,6,7,4,6,6,7,7,4,5,7,6,4,4,7,Black,Dem,3
3,,5,,6,,7,,7,,6,,6,,7,,6,,6,,6,,5,,7,,6,,3,,6,,7,,orange,41,1,,,,,,#NULL!,3,2,2,2,5,2,,1,,,8,3,OtherPublic,160,1,1,3,5,6,7,7,6,6,7,6,6,6,5,7,6,3,6,7,White,Dem,5.5
7,,7,,7,,7,,7,,7,,7,,7,,7,,6,,6,,7,,7,,7,,7,,7,,7,,orange,24,1,,,,,,#NULL!,2,1,8,8,5,1,,1,1,,2,2,OtherPrivate,161,1,0,7,7,7,7,7,7,7,7,7,6,6,7,7,7,7,7,7,White,Ind,2
4,,4,,5,,5,,5,,4,,5,,4,,4,,4,,4,,4,,5,,4,,4,,5,,5,,orange,51,1,,,,,,#NULL!,4,1,8,5,2,2,,1,,,1,1,OtherPublic,162,1,1,4,4,5,5,5,4,5,4,4,4,4,4,5,4,4,5,5,White,Dem,1
6,,5,,5,,6,,6,,5,,7,,7,,7,,6,,6,,5,,6,,7,,5,,6,,6,,orange,37,1,,,,,,#NULL!,3,1,1,6,5,1,,,1,,9,10,OtherPrivate,163,1,0,6,5,5,6,6,5,7,7,7,6,6,5,6,7,5,6,6,White,Ind,9.5
4,,5,,5,,5,,5,,4,,5,,5,,4,,5,,5,,4,,5,,5,,4,,5,,5,,orange,46,,,,1,,,#NULL!,1,1,1,7,5,1,,,1,,4,4,OtherPublic,164,1,1,4,5,5,5,5,4,5,5,4,5,5,4,5,5,4,5,5,Asian,Ind,4
,4,,4,,4,,4,,4,,4,,4,,4,,4,,5,,4,,5,,4,,4,,4,,5,,4,orange,28,1,,,,,,#NULL!,3,1,7,3,3,2,,1,,,3,4,SelfPrivate,165,0,0,4,4,4,4,4,4,4,4,4,5,4,5,4,4,4,5,4,White,Dem,3.5
,6,,6,,6,,6,,6,,6,,6,,6,,6,,6,,6,,6,,6,,6,,6,,6,,6,orange,35,1,,,,,,#NULL!,1,1,1,6,5,2,,1,,,2,2,SelfPrivate,166,0,0,6,6,6,6,6,6,6,6,6,6,6,6,6,6,6,6,6,White,Dem,2
5,,5,,5,,5,,5,,6,,6,,6,,5,,3,,5,,5,,5,,6,,6,,6,,6,,orange,30,1,,,,,,#NULL!,3,1,1,4,4,1,,,1,,4,4,OtherPublic,167,1,1,5,5,5,5,5,6,6,6,5,3,5,5,5,6,6,6,6,White,Ind,4
,6,,7,,7,,7,,7,,6,,7,,6,,6,,7,,6,,6,,7,,6,,6,,6,,6,orange,34,1,,,,,,#NULL!,4,1,1,4,3,2,,1,,,2,2,SelfPublic,168,0,1,6,7,7,7,7,6,7,6,6,7,6,6,7,6,6,6,6,White,Dem,2
,3,,5,,5,,7,,6,,6,,6,,6,,5,,5,,4,,4,,6,,5,,3,,5,,7,orange,44,1,,,,,,#NULL!,2,2,2,1,4,2,,1,,,3,2,SelfPublic,169,0,1,3,5,5,7,6,6,6,6,5,5,4,4,6,5,3,5,7,White,Dem,2.5
,5,,4,,5,,4,,4,,4,,5,,5,,5,,5,,4,,4,,4,,4,,5,,5,,4,orange,51,1,,,,,,#NULL!,3,1,1,3,5,1,1,,,,9,8,SelfPublic,170,0,1,5,4,5,4,4,4,5,5,5,5,4,4,4,4,5,5,4,White,Rep,8.5
5,,5,,7,,7,,7,,7,,7,,7,,6,,6,,6,,6,,7,,6,,6,,7,,6,,orange,43,1,,,,,,#NULL!,3,1,8,9,5,2,1,,,,9,10,OtherPrivate,171,1,0,5,5,7,7,7,7,7,7,6,6,6,6,7,6,6,7,6,White,Rep,9.5
,4,,4,,7,,7,,7,,7,,7,,7,,7,,4,,4,,7,,7,,7,,4,,7,,7,orange,24,1,,,,,,#NULL!,1,1,1,2,2,2,,,1,,4,4,SelfPrivate,172,0,0,4,4,7,7,7,7,7,7,7,4,4,7,7,7,4,7,7,White,Ind,4
,3,,4,,4,,5,,6,,5,,5,,5,,3,,5,,4,,2,,6,,3,,4,,3,,5,orange,33,1,,,,,,#NULL!,1,2,4,1,4,2,,1,,,1,2,SelfPublic,173,0,1,3,4,4,5,6,5,5,5,3,5,4,2,6,3,4,3,5,White,Dem,1.5
7,,6,,6,,7,,7,,7,,7,,6,,7,,7,,6,,7,,7,,7,,6,,6,,6,,orange,46,1,,,,,,#NULL!,3,1,1,6,5,2,,,1,,10,3,OtherPrivate,174,1,0,7,6,6,7,7,7,7,6,7,7,6,7,7,7,6,6,6,White,Ind,6.5
6,,5,,6,,6,,7,,6,,7,,6,,7,,5,,5,,6,,6,,6,,6,,6,,6,,orange,40,,,,,,1,#NULL!,1,1,1,4,2,1,,,1,,3,3,OtherPrivate,175,1,0,6,5,6,6,7,6,7,6,7,5,5,6,6,6,6,6,6,Other,Ind,3
,4,,6,,6,,6,,6,,4,,6,,6,,4,,6,,4,,4,,6,,4,,6,,6,,6,orange,64,1,,,,,,#NULL!,4,1,6,8,6,2,,,1,,4,4,SelfPublic,176,0,1,4,6,6,6,6,4,6,6,4,6,4,4,6,4,6,6,6,White,Ind,4
6,,6,,6,,6,,6,,6,,6,,6,,6,,6,,6,,6,,6,,6,,6,,6,,6,,orange,26,1,,,,,,#NULL!,1,1,8,5,5,3,,,1,,1,1,OtherPublic,177,1,1,6,6,6,6,6,6,6,6,6,6,6,6,6,6,6,6,6,White,Ind,1
5,,5,,5,,5,,5,,5,,5,,5,,5,,5,,5,,5,,5,,5,,5,,5,,5,,orange,26,1,,,,,,#NULL!,2,1,3,4,5,2,,,1,,1,1,OtherPublic,178,1,1,5,5,5,5,5,5,5,5,5,5,5,5,5,5,5,5,5,White,Ind,1
6,,6,,6,,7,,7,,6,,7,,6,,7,,7,,6,,6,,7,,7,,7,,6,,6,,orange,35,1,,,,,,#NULL!,3,1,2,8,5,2,,1,,,1,1,OtherPrivate,179,1,0,6,6,6,7,7,6,7,6,7,7,6,6,7,7,7,6,6,White,Dem,1
,7,,7,,6,,7,,7,,7,,7,,7,,7,,7,,7,,7,,7,,7,,7,,7,,7,orange,42,1,,,,,,#NULL!,1,1,8,2,3,1,,1,,,3,8,SelfPrivate,180,0,0,7,7,6,7,7,7,7,7,7,7,7,7,7,7,7,7,7,White,Dem,5.5
,6,,4,,6,,7,,6,,5,,7,,7,,5,,5,,5,,4,,5,,5,,4,,4,,6,orange,40,1,,,,,,#NULL!,4,1,7,6,3,2,,,1,,4,8,SelfPublic,181,0,1,6,4,6,7,6,5,7,7,5,5,5,4,5,5,4,4,6,White,Ind,6
,7,,5,,7,,6,,7,,7,,7,,7,,6,,7,,7,,7,,7,,6,,7,,6,,7,orange,34,1,,,,,,#NULL!,2,1,1,4,2,1,,1,,,4,4,SelfPrivate,182,0,0,7,5,7,6,7,7,7,7,6,7,7,7,7,6,7,6,7,White,Dem,4
,7,,7,,7,,7,,7,,7,,7,,7,,7,,7,,7,,5,,7,,7,,5,,7,,7,orange,33,1,,,,,,#NULL!,4,1,7,5,5,2,1,,,,10,10,SelfPrivate,183,0,0,7,7,7,7,7,7,7,7,7,7,7,5,7,7,5,7,7,White,Rep,10
6,,7,,6,,6,,4,,3,,4,,5,,6,,1,,7,,2,,2,,6,,3,,7,,2,,orange,30,1,,,,,,#NULL!,3,1,1,5,5,1,,1,,,1,2,OtherPrivate,184,1,0,6,7,6,6,4,3,4,5,6,1,7,2,2,6,3,7,2,White,Dem,1.5
5,,6,,5,,5,,4,,4,,3,,2,,2,,4,,5,,5,,3,,4,,4,,6,,2,,orange,39,1,,,,,,#NULL!,1,1,1,1,3,1,,,1,,4,10,OtherPrivate,185,1,0,5,6,5,5,4,4,3,2,2,4,5,5,3,4,4,6,2,White,Ind,7
,6,,6,,6,,6,,6,,6,,6,,6,,6,,6,,6,,6,,6,,6,,6,,6,,6,orange,32,1,,,,,,#NULL!,1,1,1,6,6,2,,1,,,3,4,SelfPublic,186,0,1,6,6,6,6,6,6,6,6,6,6,6,6,6,6,6,6,6,White,Dem,3.5
3,,6,,4,,6,,6,,3,,6,,6,,6,,4,,4,,4,,7,,5,,3,,2,,6,,orange,60,,1,,,,,#NULL!,3,1,2,2,3,2,,1,,,2,2,OtherPublic,187,1,1,3,6,4,6,6,3,6,6,6,4,4,4,7,5,3,2,6,Black,Dem,2
,6,,6,,4,,7,,6,,6,,7,,7,,5,,6,,5,,6,,6,,7,,5,,5,,6,orange,56,1,,,,,,#NULL!,1,1,2,9,5,2,,1,,,1,1,SelfPrivate,188,0,0,6,6,4,7,6,6,7,7,5,6,5,6,6,7,5,5,6,White,Dem,1
3,,6,,5,,6,,6,,4,,6,,6,,6,,6,,6,,4,,6,,5,,4,,6,,6,,orange,42,,,,,,1,#NULL!,4,1,7,5,4,2,,1,,,8,2,OtherPublic,189,1,1,3,6,5,6,6,4,6,6,6,6,6,4,6,5,4,6,6,Other,Dem,5
,5,,5,,6,,6,,6,,5,,6,,6,,5,,6,,6,,6,,6,,6,,5,,6,,6,orange,36,,,,1,,,#NULL!,5,1,8,4,3,2,,,1,,4,4,SelfPrivate,190,0,0,5,5,6,6,6,5,6,6,5,6,6,6,6,6,5,6,6,Asian,Ind,4
4,,4,,5,,6,,6,,5,,6,,6,,5,,5,,4,,5,,6,,4,,4,,3,,5,,orange,32,1,,,,,,#NULL!,1,1,2,8,5,2,1,,,,4,9,OtherPublic,191,1,1,4,4,5,6,6,5,6,6,5,5,4,5,6,4,4,3,5,White,Rep,6.5
5,,5,,6,,7,,7,,5,,7,,7,,6,,6,,6,,6,,7,,7,,7,,6,,6,,orange,48,,,,1,,,#NULL!,1,1,8,3,5,1,,1,,,4,4,OtherPrivate,192,1,0,5,5,6,7,7,5,7,7,6,6,6,6,7,7,7,6,6,Asian,Dem,4
6,,6,,6,,6,,7,,6,,6,,6,,6,,6,,4,,6,,6,,6,,6,,2,,6,,orange,49,1,,,,,,#NULL!,4,1,1,7,5,1,,1,,,1,1,OtherPublic,193,1,1,6,6,6,6,7,6,6,6,6,6,4,6,6,6,6,2,6,White,Dem,1
5,,5,,5,,5,,5,,5,,5,,5,,5,,5,,5,,5,,5,,5,,5,,5,,5,,orange,33,1,,,,,,#NULL!,2,1,1,9,5,1,1,,,,10,10,OtherPublic,194,1,1,5,5,5,5,5,5,5,5,5,5,5,5,5,5,5,5,5,White,Rep,10
,4,,5,,6,,7,,7,,6,,7,,7,,7,,5,,5,,5,,6,,7,,4,,5,,7,orange,42,1,,,,,,#NULL!,1,1,3,5,5,1,,1,,,2,8,SelfPrivate,195,0,0,4,5,6,7,7,6,7,7,7,5,5,5,6,7,4,5,7,White,Dem,5
,6,,6,,5,,7,,6,,6,,7,,6,,7,,7,,6,,6,,5,,7,,6,,5,,6,orange,34,1,,,,,,#NULL!,1,1,1,3,5,1,,1,,,1,1,SelfPrivate,196,0,0,6,6,5,7,6,6,7,6,7,7,6,6,5,7,6,5,6,White,Dem,1
,6,,6,,5,,7,,5,,6,,6,,7,,7,,6,,6,,5,,6,,5,,7,,5,,5,orange,43,1,,,,,,#NULL!,1,1,1,6,5,1,,1,,,3,1,SelfPrivate,197,0,0,6,6,5,7,5,6,6,7,7,6,6,5,6,5,7,5,5,White,Dem,2
7,,6,,7,,7,,7,,5,,7,,7,,7,,6,,7,,6,,6,,6,,6,,5,,7,,orange,56,,,1,,,,#NULL!,3,1,1,5,2,2,1,,,,9,9,OtherPrivate,198,1,0,7,6,7,7,7,5,7,7,7,6,7,6,6,6,6,5,7,AmerInd,Rep,9
6,,6,,6,,6,,6,,7,,6,,6,,6,,6,,7,,7,,7,,7,,6,,6,,6,,orange,51,1,,,,,,#NULL!,1,1,8,3,5,2,1,,,,4,8,OtherPrivate,199,1,0,6,6,6,6,6,7,6,6,6,6,7,7,7,7,6,6,6,White,Rep,6
4,,4,,6,,6,,6,,4,,6,,6,,6,,4,,4,,4,,6,,6,,4,,5,,4,,orange,45,1,,,,,,#NULL!,1,1,1,5,5,2,1,1,,,2,2,OtherPrivate,200,1,0,4,4,6,6,6,4,6,6,6,4,4,4,6,6,4,5,4,White,Dem,2
,5,,5,,5,,5,,5,,5,,5,,5,,5,,5,,5,,5,,5,,5,,5,,5,,5,orange,52,1,,,,,,#NULL!,3,1,3,5,5,2,,,1,,4,4,SelfPublic,201,0,1,5,5,5,5,5,5,5,5,5,5,5,5,5,5,5,5,5,White,Ind,4
,6,,5,,7,,6,,7,,6,,6,,7,,6,,6,,6,,6,,7,,7,,7,,6,,7,orange,46,,1,,,,,#NULL!,3,1,1,5,6,1,1,,,,10,9,SelfPublic,202,0,1,6,5,7,6,7,6,6,7,6,6,6,6,7,7,7,6,7,Black,Rep,9.5
5,,6,,6,,7,,6,,6,,6,,6,,6,,6,,6,,6,,5,,6,,6,,5,,7,,orange,35,1,,,,,,#NULL!,1,1,8,2,4,2,,1,,,2,2,OtherPublic,203,1,1,5,6,6,7,6,6,6,6,6,6,6,6,5,6,6,5,7,White,Dem,2
6,,5,,5,,7,,6,,7,,7,,7,,7,,5,,6,,5,,5,,6,,5,,5,,6,,orange,51,1,,,,,,#NULL!,1,1,1,4,5,1,,,1,,4,4,OtherPrivate,204,1,0,6,5,5,7,6,7,7,7,7,5,6,5,5,6,5,5,6,White,Ind,4
4,,6,,6,,4,,5,,7,,6,,6,,5,,6,,5,,5,,5,,7,,6,,7,,7,,orange,31,1,,,,,,#NULL!,3,1,1,6,5,1,,1,,,8,8,OtherPublic,205,1,1,4,6,6,4,5,7,6,6,5,6,5,5,5,7,6,7,7,White,Dem,8
6,,5,,6,,5,,5,,7,,6,,6,,7,,6,,5,,6,,7,,7,,5,,7,,6,,orange,31,1,,,,,,#NULL!,3,1,1,6,5,1,,1,,,8,8,OtherPrivate,206,1,0,6,5,6,5,5,7,6,6,7,6,5,6,7,7,5,7,6,White,Dem,8
,3,,4,,6,,6,,6,,6,,5,,6,,3,,6,,5,,3,,6,,3,,5,,3,,7,orange,28,1,1,,,,,#NULL!,4,1,7,1,2,2,,,1,,4,4,SelfPublic,207,0,1,3,4,6,6,6,6,5,6,3,6,5,3,6,3,5,3,7,Black,Ind,4
3,,3,,3,,1,,3,,3,,3,,3,,1,,1,,1,,3,,3,,3,,3,,3,,3,,orange,33,1,1,,,,,#NULL!,3,1,8,2,4,1,,,,1,4,4,OtherPublic,208,1,1,3,3,3,1,3,3,3,3,1,1,1,3,3,3,3,3,3,Black,Other,4
,6,,6,,6,,6,,6,,6,,6,,6,,6,,6,,6,,6,,6,,6,,4,,4,,6,orange,65,1,,,,,,#NULL!,2,1,2,4,5,2,,1,,,2,2,SelfPrivate,209,0,0,6,6,6,6,6,6,6,6,6,6,6,6,6,6,4,4,6,White,Dem,2
,6,,4,,5,,1,,3,,5,,7,,5,,6,,3,,5,,2,,4,,1,,6,,6,,6,orange,26,1,,,,,,#NULL!,4,1,1,3,5,1,1,,,,4,4,SelfPublic,210,0,1,6,4,5,1,3,5,7,5,6,3,5,2,4,1,6,6,6,White,Rep,4
4,,5,,7,,7,,7,,7,,7,,7,,7,,7,,5,,6,,7,,6,,5,,7,,7,,orange,43,1,,,,,,#NULL!,3,1,1,7,4,1,1,,,,9,9,OtherPrivate,211,1,0,4,5,7,7,7,7,7,7,7,7,5,6,7,6,5,7,7,White,Rep,9
,6,,5,,7,,7,,7,,5,,6,,7,,6,,5,,6,,5,,7,,6,,6,,5,,7,orange,50,1,,,,,,#NULL!,3,1,1,5,2,1,1,,,,10,9,SelfPublic,212,0,1,6,5,7,7,7,5,6,7,6,5,6,5,7,6,6,5,7,White,Rep,9.5
6,,6,,3,,7,,7,,3,,5,,7,,6,,7,,4,,6,,7,,6,,6,,7,,7,,orange,29,,1,,,,,#NULL!,1,1,1,3,5,2,1,,,,9,9,OtherPublic,213,1,1,6,6,3,7,7,3,5,7,6,7,4,6,7,6,6,7,7,Black,Rep,9
,7,,6,,5,,6,,5,,6,,6,,6,,7,,6,,6,,7,,7,,7,,6,,1,,2,orange,35,,1,,,,,#NULL!,4,1,1,4,6,2,,1,,,10,10,SelfPrivate,214,0,0,7,6,5,6,5,6,6,6,7,6,6,7,7,7,6,1,2,Black,Dem,10
5,,2,,2,,3,,7,,2,,6,,7,,6,,6,,6,,6,,3,,6,,6,,2,,6,,orange,54,1,,,,,,#NULL!,2,1,1,3,4,1,,1,,,1,1,OtherPublic,215,1,1,5,2,2,3,7,2,6,7,6,6,6,6,3,6,6,2,6,White,Dem,1
,6,,5,,6,,6,,6,,5,,7,,7,,6,,5,,5,,4,,6,,6,,4,,5,,6,orange,40,1,,,,,,#NULL!,1,1,1,7,5,1,,1,,,2,3,SelfPrivate,216,0,0,6,5,6,6,6,5,7,7,6,5,5,4,6,6,4,5,6,White,Dem,2.5
4,,5,,4,,5,,5,,4,,5,,5,,5,,4,,4,,3,,5,,5,,4,,3,,5,,orange,56,1,,,,,,#NULL!,3,1,8,5,4,1,,,1,,4,4,OtherPublic,217,1,1,4,5,4,5,5,4,5,5,5,4,4,3,5,5,4,3,5,White,Ind,4
,6,,6,,6,,6,,6,,6,,6,,6,,6,,6,,6,,6,,6,,6,,6,,6,,6,orange,48,1,,,,,,#NULL!,1,1,1,7,6,1,,1,,,3,2,SelfPrivate,218,0,0,6,6,6,6,6,6,6,6,6,6,6,6,6,6,6,6,6,White,Dem,2.5
,6,,6,,7,,6,,7,,5,,6,,6,,6,,6,,6,,5,,5,,7,,7,,6,,5,orange,34,1,,,,,,#NULL!,1,1,1,9,6,2,,1,,,1,2,SelfPrivate,219,0,0,6,6,7,6,7,5,6,6,6,6,6,5,5,7,7,6,5,White,Dem,1.5
7,,7,,7,,7,,7,,7,,7,,7,,7,,7,,5,,7,,7,,7,,7,,6,,7,,orange,24,1,,,,,,#NULL!,3,1,1,3,5,1,,1,,,2,8,OtherPrivate,220,1,0,7,7,7,7,7,7,7,7,7,7,5,7,7,7,7,6,7,White,Dem,5
,6,,6,,6,,6,,6,,6,,6,,6,,6,,6,,5,,6,,6,,6,,6,,5,,6,orange,40,1,,,,,,#NULL!,1,1,1,4,5,2,,1,,,2,3,SelfPrivate,221,0,0,6,6,6,6,6,6,6,6,6,6,5,6,6,6,6,5,6,White,Dem,2.5
6,,7,,7,,7,,7,,5,,5,,6,,7,,7,,7,,7,,7,,6,,4,,7,,7,,orange,37,1,,1,,,1,#NULL!,1,1,8,7,6,2,,1,,,2,2,OtherPublic,222,1,1,6,7,7,7,7,5,5,6,7,7,7,7,7,6,4,7,7,Other,Dem,2
,7,,7,,7,,7,,7,,7,,7,,7,,7,,7,,7,,7,,7,,7,,7,,7,,7,orange,48,1,,,,,,#NULL!,3,1,1,5,3,1,1,,,,8,8,SelfPrivate,223,0,0,7,7,7,7,7,7,7,7,7,7,7,7,7,7,7,7,7,White,Rep,8
,1,,7,,7,,7,,7,,6,,7,,7,,7,,5,,4,,2,,7,,7,,7,,5,,6,orange,28,1,,,,,,#NULL!,2,1,1,7,6,1,1,,,,8,8,SelfPrivate,224,0,0,1,7,7,7,7,6,7,7,7,5,4,2,7,7,7,5,6,White,Rep,8
,5,,5,,4,,6,,6,,6,,6,,6,,6,,6,,5,,5,,6,,6,,6,,6,,6,orange,28,1,,,,,,#NULL!,1,1,1,6,6,1,,1,,,1,1,SelfPublic,225,0,1,5,5,4,6,6,6,6,6,6,6,5,5,6,6,6,6,6,White,Dem,1
7,,6,,5,,6,,7,,6,,7,,7,,7,,7,,6,,6,,6,,7,,6,,7,,7,,orange,42,1,,,1,,,#NULL!,1,1,1,6,5,2,,1,,,2,2,OtherPrivate,226,1,0,7,6,5,6,7,6,7,7,7,7,6,6,6,7,6,7,7,Asian,Dem,2
7,,6,,7,,7,,7,,7,,7,,7,,7,,7,,7,,7,,7,,7,,7,,7,,7,,orange,30,,,,1,1,,#NULL!,2,1,3,6,2,2,,1,,,1,1,OtherPrivate,227,1,0,7,6,7,7,7,7,7,7,7,7,7,7,7,7,7,7,7,PacIsland,Dem,1
4,,4,,5,,5,,5,,5,,5,,5,,5,,5,,4,,5,,5,,5,,4,,5,,5,,orange,51,1,,,,,,#NULL!,4,1,8,3,6,1,,,1,,3,8,OtherPrivate,228,1,0,4,4,5,5,5,5,5,5,5,5,4,5,5,5,4,5,5,White,Ind,5.5
1,,3,,6,,7,,7,,6,,7,,6,,5,,6,,6,,6,,6,,5,,3,,5,,6,,orange,67,1,,,,,,#NULL!,4,1,1,5,5,2,1,,,,10,8,OtherPublic,229,1,1,1,3,6,7,7,6,7,6,5,6,6,6,6,5,3,5,6,White,Rep,9
6,,5,,6,,7,,6,,5,,7,,7,,6,,5,,4,,6,,7,,6,,4,,7,,6,,orange,34,1,,,,,,#NULL!,1,1,2,6,3,2,,,,1,2,8,OtherPublic,230,1,1,6,5,6,7,6,5,7,7,6,5,4,6,7,6,4,7,6,White,Other,5
6,,6,,6,,7,,6,,5,,6,,7,,4,,6,,6,,6,,7,,5,,4,,6,,6,,orange,34,1,,,,,,#NULL!,4,1,1,6,3,2,,,1,,4,4,OtherPublic,231,1,1,6,6,6,7,6,5,6,7,4,6,6,6,7,5,4,6,6,White,Ind,4
,7,,7,,7,,7,,7,,6,,7,,7,,6,,7,,7,,6,,7,,6,,6,,7,,7,orange,36,1,,,,,,#NULL!,1,1,4,6,2,1,,1,,,3,3,SelfPublic,232,0,1,7,7,7,7,7,6,7,7,6,7,7,6,7,6,6,7,7,White,Dem,3
6,,6,,6,,6,,6,,6,,6,,6,,6,,6,,6,,6,,6,,6,,6,,6,,6,,orange,65,1,,,,,,#NULL!,3,1,6,4,2,2,,,1,,2,4,OtherPublic,233,1,1,6,6,6,6,6,6,6,6,6,6,6,6,6,6,6,6,6,White,Ind,3
,5,,6,,7,,7,,7,,5,,7,,7,,7,,7,,4,,5,,5,,7,,5,,7,,7,orange,69,1,,,,,,#NULL!,3,1,8,3,3,1,,1,,,2,2,SelfPrivate,234,0,0,5,6,7,7,7,5,7,7,7,7,4,5,5,7,5,7,7,White,Dem,2
7,,5,,6,,7,,6,,6,,7,,6,,7,,6,,5,,7,,6,,7,,7,,6,,7,,orange,34,1,,,,,,#NULL!,3,1,1,7,4,2,,1,,,2,2,OtherPrivate,235,1,0,7,5,6,7,6,6,7,6,7,6,5,7,6,7,7,6,7,White,Dem,2
7,,7,,7,,7,,7,,7,,7,,7,,7,,7,,7,,7,,7,,7,,7,,7,,7,,orange,29,1,,,,,,#NULL!,1,1,1,8,4,2,1,,,,9,8,OtherPrivate,236,1,0,7,7,7,7,7,7,7,7,7,7,7,7,7,7,7,7,7,White,Rep,8.5
,3,,2,,6,,7,,7,,3,,6,,7,,4,,2,,2,,2,,6,,6,,2,,6,,6,orange,59,,,,,,1,#NULL!,1,1,8,2,4,1,,,1,,8,8,SelfPublic,237,0,1,3,2,6,7,7,3,6,7,4,2,2,2,6,6,2,6,6,Other,Ind,8
5,,6,,6,,6,,6,,6,,6,,6,,6,,6,,6,,6,,6,,6,,4,,4,,6,,orange,63,1,,,,,,#NULL!,3,1,6,6,3,1,,1,,,2,1,OtherPublic,238,1,1,5,6,6,6,6,6,6,6,6,6,6,6,6,6,4,4,6,White,Dem,1.5
,4,,4,,5,,6,,7,,6,,7,,7,,7,,5,,5,,5,,6,,7,,4,,7,,7,orange,27,1,,,,,,#NULL!,1,1,3,3,3,2,,1,,,1,1,SelfPrivate,239,0,0,4,4,5,6,7,6,7,7,7,5,5,5,6,7,4,7,7,White,Dem,1
,6,,6,,6,,6,,7,,6,,6,,5,,6,,6,,6,,6,,7,,6,,6,,6,,6,orange,53,1,,,,,,#NULL!,1,1,1,4,3,1,,1,,,2,4,SelfPrivate,240,0,0,6,6,6,6,7,6,6,5,6,6,6,6,7,6,6,6,6,White,Dem,3
,6,,2,,6,,7,,7,,4,,7,,6,,6,,6,,6,,5,,7,,7,,2,,6,,7,orange,33,1,,,,,,#NULL!,1,1,1,5,3,1,,1,,,3,3,SelfPrivate,241,0,0,6,2,6,7,7,4,7,6,6,6,6,5,7,7,2,6,7,White,Dem,3
2,,5,,6,,4,,6,,3,,6,,6,,2,,7,,5,,2,,5,,3,,4,,5,,6,,orange,39,1,,,,,,#NULL!,4,1,1,6,3,2,,,1,,4,4,OtherPublic,242,1,1,2,5,6,4,6,3,6,6,2,7,5,2,5,3,4,5,6,White,Ind,4
,6,,6,,6,,6,,6,,6,,6,,6,,6,,6,,6,,6,,6,,6,,6,,6,,6,orange,23,1,,,,,,#NULL!,1,1,1,7,5,1,1,,,,3,8,SelfPublic,243,0,1,6,6,6,6,6,6,6,6,6,6,6,6,6,6,6,6,6,White,Rep,5.5
5,,6,,5,,7,,7,,7,,7,,7,,7,,6,,4,,7,,7,,7,,7,,7,,7,,orange,25,,,,1,,,#NULL!,1,1,5,6,5,1,,1,,,2,2,OtherPrivate,244,1,0,5,6,5,7,7,7,7,7,7,6,4,7,7,7,7,7,7,Asian,Dem,2
5,,3,,5,,5,,5,,6,,5,,6,,4,,3,,4,,4,,4,,5,,3,,4,,6,,orange,34,1,,,,,,#NULL!,1,1,3,9,2,2,,1,,,1,2,OtherPublic,245,1,1,5,3,5,5,5,6,5,6,4,3,4,4,4,5,3,4,6,White,Dem,1.5
,6,,6,,6,,6,,6,,6,,6,,6,,5,,6,,6,,5,,7,,6,,5,,6,,5,orange,67,1,,,,,,#NULL!,2,1,6,6,3,1,1,,,,8,10,SelfPrivate,246,0,0,6,6,6,6,6,6,6,6,5,6,6,5,7,6,5,6,5,White,Rep,9
6,,5,,6,,6,,7,,7,,7,,7,,7,,7,,6,,6,,7,,6,,7,,6,,7,,orange,26,1,,,,,,#NULL!,2,1,1,3,3,1,1,,,,9,9,OtherPrivate,247,1,0,6,5,6,6,7,7,7,7,7,7,6,6,7,6,7,6,7,White,Rep,9
5,,6,,7,,7,,7,,6,,7,,7,,6,,5,,6,,6,,7,,6,,5,,6,,6,,orange,32,1,,,,,,#NULL!,1,1,1,3,5,1,,1,,,1,1,OtherPublic,248,1,1,5,6,7,7,7,6,7,7,6,5,6,6,7,6,5,6,6,White,Dem,1
6,,6,,6,,6,,6,,6,,6,,6,,6,,6,,6,,6,,6,,6,,6,,6,,6,,orange,38,1,,,,,,#NULL!,1,1,1,7,5,1,,1,,,2,2,OtherPublic,249,1,1,6,6,6,6,6,6,6,6,6,6,6,6,6,6,6,6,6,White,Dem,2
,7,,6,,6,,7,,7,,7,,7,,7,,7,,7,,7,,6,,7,,7,,6,,7,,7,orange,31,1,,,,,,#NULL!,1,1,2,2,3,2,,,1,,3,8,SelfPrivate,250,0,0,7,6,6,7,7,7,7,7,7,7,7,6,7,7,6,7,7,White,Ind,5.5
,5,,5,,5,,6,,7,,5,,5,,6,,6,,5,,4,,5,,6,,5,,4,,5,,5,orange,36,1,,,,,,#NULL!,2,1,1,7,5,2,,1,,,2,2,SelfPublic,251,0,1,5,5,5,6,7,5,5,6,6,5,4,5,6,5,4,5,5,White,Dem,2
,6,,6,,5,,6,,7,,5,,7,,7,,7,,6,,5,,4,,7,,6,,4,,4,,6,orange,30,1,,,,,,#NULL!,1,1,1,4,3,1,,1,,,1,2,SelfPublic,252,0,1,6,6,5,6,7,5,7,7,7,6,5,4,7,6,4,4,6,White,Dem,1.5
,5,,5,,5,,6,,6,,3,,6,,6,,3,,6,,5,,2,,6,,5,,3,,6,,6,orange,39,1,,,,,,#NULL!,4,1,1,8,5,1,,1,,,3,3,SelfPublic,253,0,1,5,5,5,6,6,3,6,6,3,6,5,2,6,5,3,6,6,White,Dem,3
7,,7,,7,,7,,7,,7,,7,,7,,7,,7,,7,,7,,7,,7,,7,,7,,7,,orange,35,1,,,,,,#NULL!,1,1,1,9,6,1,,,1,,9,10,OtherPrivate,254,1,0,7,7,7,7,7,7,7,7,7,7,7,7,7,7,7,7,7,White,Ind,9.5
1,,4,,4,,5,,6,,4,,4,,4,,5,,5,,4,,5,,6,,5,,4,,6,,5,,orange,32,1,,,,,,#NULL!,1,1,8,2,4,1,,1,,,1,1,OtherPublic,255,1,1,1,4,4,5,6,4,4,4,5,5,4,5,6,5,4,6,5,White,Dem,1
6,,6,,6,,7,,6,,6,,7,,7,,6,,6,,5,,6,,6,,7,,5,,6,,6,,orange,63,1,,,,,,#NULL!,4,1,6,6,6,2,,1,,,2,2,OtherPrivate,256,1,0,6,6,6,7,6,6,7,7,6,6,5,6,6,7,5,6,6,White,Dem,2
6,,6,,6,,6,,6,,6,,6,,6,,5,,6,,6,,5,,6,,5,,5,,6,,6,,orange,48,1,,,,,,#NULL!,1,1,4,4,2,1,,,,1,3,3,OtherPublic,257,1,1,6,6,6,6,6,6,6,6,5,6,6,5,6,5,5,6,6,White,Other,3
5,,5,,6,,6,,6,,6,,6,,5,,5,,6,,6,,5,,5,,6,,5,,6,,6,,orange,60,1,,,,,,#NULL!,1,1,1,7,5,1,,,1,,3,8,OtherPublic,258,1,1,5,5,6,6,6,6,6,5,5,6,6,5,5,6,5,6,6,White,Ind,5.5
4,,4,,5,,4,,4,,4,,4,,4,,4,,4,,4,,5,,4,,5,,4,,5,,5,,orange,33,1,,,,,,#NULL!,4,1,9,1,1,1,1,,,,10,10,OtherPublic,259,1,1,4,4,5,4,4,4,4,4,4,4,4,5,4,5,4,5,5,White,Rep,10
2,,3,,5,,6,,7,,7,,5,,4,,2,,5,,5,,2,,6,,1,,5,,5,,7,,orange,37,,1,,,,,#NULL!,2,1,1,5,2,1,,1,,,3,3,OtherPublic,260,1,1,2,3,5,6,7,7,5,4,2,5,5,2,6,1,5,5,7,Black,Dem,3
,6,,6,,6,,6,,7,,5,,6,,5,,6,,6,,6,,6,,7,,6,,5,,6,,6,orange,33,1,,,,,,#NULL!,2,1,2,6,3,2,1,,,,8,8,SelfPrivate,261,0,0,6,6,6,6,7,5,6,5,6,6,6,6,7,6,5,6,6,White,Rep,8
5,,4,,5,,5,,5,,5,,5,,5,,4,,5,,5,,4,,5,,4,,4,,4,,5,,orange,63,1,,,,,,#NULL!,3,1,1,8,5,1,,,1,,3,3,OtherPrivate,262,1,0,5,4,5,5,5,5,5,5,4,5,5,4,5,4,4,4,5,White,Ind,3
5,,5,,6,,6,,7,,6,,4,,5,,5,,6,,4,,5,,5,,5,,4,,6,,6,,orange,71,1,,,,,,#NULL!,1,1,6,6,3,2,,1,,,2,3,OtherPublic,263,1,1,5,5,6,6,7,6,4,5,5,6,4,5,5,5,4,6,6,White,Dem,2.5
,4,,5,,5,,7,,6,,4,,6,,6,,5,,6,,6,,6,,6,,5,,4,,6,,5,orange,39,1,,,,,,#NULL!,4,1,1,8,6,1,,,1,,9,9,SelfPublic,264,0,1,4,5,5,7,6,4,6,6,5,6,6,6,6,5,4,6,5,White,Ind,9
5,,6,,5,,6,,6,,5,,6,,6,,5,,6,,5,,4,,6,,5,,4,,5,,6,,orange,35,1,,,,,,#NULL!,1,1,1,6,5,1,,,1,,2,2,OtherPrivate,265,1,0,5,6,5,6,6,5,6,6,5,6,5,4,6,5,4,5,6,White,Ind,2
,5,,4,,4,,7,,6,,5,,7,,6,,5,,6,,4,,4,,5,,5,,4,,2,,6,orange,52,1,1,,,,,#NULL!,3,1,8,2,5,2,,,1,,2,9,SelfPublic,266,0,1,5,4,4,7,6,5,7,6,5,6,4,4,5,5,4,2,6,Black,Ind,5.5
,7,,7,,5,,7,,7,,5,,7,,7,,6,,7,,5,,6,,7,,7,,7,,4,,7,orange,32,1,,,,,,#NULL!,1,1,1,7,5,2,1,,,,4,8,SelfPublic,267,0,1,7,7,5,7,7,5,7,7,6,7,5,6,7,7,7,4,7,White,Rep,6
,5,,5,,4,,6,,6,,5,,6,,6,,5,,6,,6,,4,,6,,5,,5,,6,,7,orange,55,,,,,,1,#NULL!,1,1,1,2,5,2,,,,1,1,1,SelfPublic,268,0,1,5,5,4,6,6,5,6,6,5,6,6,4,6,5,5,6,7,Other,Other,1
7,,7,,7,,7,,7,,6,,7,,7,,7,,7,,3,,7,,7,,7,,7,,6,,7,,orange,60,1,,,,,,#NULL!,3,1,1,6,6,2,1,,,,3,8,OtherPrivate,269,1,0,7,7,7,7,7,6,7,7,7,7,3,7,7,7,7,6,7,White,Rep,5.5
,4,,4,,4,,4,,4,,4,,4,,4,,4,,4,,4,,4,,4,,4,,4,,4,,4,orange,36,1,,,,,,#NULL!,1,1,1,5,6,1,,,,1,1,1,SelfPrivate,270,0,0,4,4,4,4,4,4,4,4,4,4,4,4,4,4,4,4,4,White,Other,1
,4,,5,,5,,5,,6,,5,,6,,6,,5,,5,,5,,5,,6,,6,,5,,4,,6,orange,62,1,,,,,,#NULL!,1,1,9,3,3,1,,1,,,1,2,SelfPublic,271,0,1,4,5,5,5,6,5,6,6,5,5,5,5,6,6,5,4,6,White,Dem,1.5
,5,,4,,3,,5,,7,,5,,6,,6,,3,,4,,4,,2,,6,,3,,4,,4,,5,orange,59,,1,,,,,#NULL!,1,1,1,7,5,2,,,1,,2,3,SelfPublic,272,0,1,5,4,3,5,7,5,6,6,3,4,4,2,6,3,4,4,5,Black,Ind,2.5
7,,6,,6,,7,,7,,7,,7,,7,,7,,7,,7,,7,,6,,7,,7,,7,,7,,orange,58,1,,,,,,#NULL!,4,1,1,8,6,2,1,,,,10,9,OtherPrivate,273,1,0,7,6,6,7,7,7,7,7,7,7,7,7,6,7,7,7,7,White,Rep,9.5
4,,4,,4,,4,,4,,3,,3,,4,,3,,4,,4,,4,,3,,4,,4,,4,,4,,orange,34,1,,,,,,#NULL!,2,1,1,7,5,2,,,1,,4,4,OtherPublic,274,1,1,4,4,4,4,4,3,3,4,3,4,4,4,3,4,4,4,4,White,Ind,4
7,,6,,6,,7,,7,,7,,7,,7,,7,,6,,7,,6,,7,,7,,7,,6,,7,,orange,57,1,,,,,,#NULL!,1,1,1,9,6,2,,1,,,2,3,OtherPrivate,275,1,0,7,6,6,7,7,7,7,7,7,6,7,6,7,7,7,6,7,White,Dem,2.5
5,,4,,6,,6,,6,,5,,6,,6,,6,,6,,5,,4,,5,,6,,5,,6,,5,,orange,45,1,,,,,,#NULL!,1,1,1,3,5,1,1,,,,3,10,OtherPublic,276,1,1,5,4,6,6,6,5,6,6,6,6,5,4,5,6,5,6,5,White,Rep,6.5
,5,,5,,6,,6,,6,,6,,7,,5,,4,,6,,4,,4,,4,,4,,4,,6,,6,orange,36,1,,,,,,#NULL!,1,1,1,5,2,2,,,1,,4,4,SelfPublic,277,0,1,5,5,6,6,6,6,7,5,4,6,4,4,4,4,4,6,6,White,Ind,4
,6,,5,,5,,7,,6,,5,,6,,6,,7,,6,,7,,6,,7,,7,,7,,5,,6,orange,39,1,,,,,,#NULL!,1,2,9,1,2,1,,1,,,1,1,SelfPrivate,278,0,0,6,5,5,7,6,5,6,6,7,6,7,6,7,7,7,5,6,White,Dem,1
6,,5,,6,,6,,6,,6,,6,,6,,6,,6,,6,,5,,6,,6,,5,,6,,6,,orange,51,1,,,,,,#NULL!,1,1,8,4,3,2,,1,,,1,1,OtherPrivate,279,1,0,6,5,6,6,6,6,6,6,6,6,6,5,6,6,5,6,6,White,Dem,1
,5,,5,,6,,6,,7,,5,,6,,6,,6,,6,,6,,5,,6,,5,,5,,7,,6,orange,36,1,,,,,,#NULL!,1,1,1,8,6,1,,,1,,3,4,SelfPublic,280,0,1,5,5,6,6,7,5,6,6,6,6,6,5,6,5,5,7,6,White,Ind,3.5
6,,6,,6,,6,,6,,6,,6,,6,,6,,6,,6,,6,,6,,6,,6,,6,,6,,orange,41,1,,,,,,#NULL!,2,1,2,5,5,2,,,1,,4,4,OtherPrivate,281,1,0,6,6,6,6,6,6,6,6,6,6,6,6,6,6,6,6,6,White,Ind,4
5,,6,,6,,6,,5,,6,,7,,6,,6,,6,,5,,6,,6,,5,,5,,5,,5,,orange,21,,1,,,,,#NULL!,3,1,5,6,3,2,,,1,,2,2,OtherPublic,282,1,1,5,6,6,6,5,6,7,6,6,6,5,6,6,5,5,5,5,Black,Ind,2
,5,,5,,5,,5,,5,,5,,5,,5,,5,,5,,5,,4,,5,,5,,5,,5,,5,orange,39,,1,,,,,#NULL!,1,1,1,7,6,1,,,1,,4,4,SelfPublic,283,0,1,5,5,5,5,5,5,5,5,5,5,5,4,5,5,5,5,5,Black,Ind,4
6,,6,,6,,6,,7,,6,,6,,6,,6,,6,,6,,6,,6,,6,,6,,6,,7,,orange,23,1,,,,,,#NULL!,4,1,1,6,3,2,1,,,,10,10,OtherPublic,284,1,1,6,6,6,6,7,6,6,6,6,6,6,6,6,6,6,6,7,White,Rep,10
,7,,7,,7,,7,,7,,7,,7,,7,,7,,7,,7,,7,,7,,7,,7,,7,,7,orange,31,1,,,,,,#NULL!,1,1,1,2,2,2,,1,,,1,1,SelfPublic,285,0,1,7,7,7,7,7,7,7,7,7,7,7,7,7,7,7,7,7,White,Dem,1
,3,,4,,6,,5,,6,,4,,4,,4,,5,,4,,3,,4,,3,,5,,4,,3,,4,orange,64,1,,,,,,#NULL!,1,1,2,5,6,1,,,1,,8,9,SelfPublic,286,0,1,3,4,6,5,6,4,4,4,5,4,3,4,3,5,4,3,4,White,Ind,8.5
,7,,5,,5,,7,,7,,7,,7,,7,,7,,7,,5,,7,,7,,7,,5,,7,,7,orange,40,1,,,,,,#NULL!,1,1,1,8,6,1,,1,,,2,2,SelfPublic,287,0,1,7,5,5,7,7,7,7,7,7,7,5,7,7,7,5,7,7,White,Dem,2
,6,,4,,4,,7,,7,,6,,7,,7,,5,,6,,4,,5,,7,,5,,4,,7,,7,orange,48,,1,,,,,#NULL!,4,1,1,7,3,2,,,1,,4,4,SelfPublic,288,0,1,6,4,4,7,7,6,7,7,5,6,4,5,7,5,4,7,7,Black,Ind,4
,7,,6,,6,,6,,7,,7,,7,,6,,6,,6,,6,,6,,6,,6,,6,,7,,6,orange,43,1,,,,,,#NULL!,1,1,1,5,5,1,,1,,,2,2,SelfPublic,289,0,1,7,6,6,6,7,7,7,6,6,6,6,6,6,6,6,7,6,White,Dem,2
,6,,7,,7,,7,,7,,6,,7,,7,,6,,7,,7,,6,,7,,7,,6,,5,,7,orange,85,1,,,,,,#NULL!,4,1,1,6,3,1,,1,,,2,2,SelfPublic,290,0,1,6,7,7,7,7,6,7,7,6,7,7,6,7,7,6,5,7,White,Dem,2
,7,,7,,7,,7,,7,,7,,7,,7,,6,,7,,7,,6,,7,,6,,4,,7,,7,orange,31,1,,,,,,#NULL!,4,1,1,6,5,2,1,,,,10,10,SelfPublic,291,0,1,7,7,7,7,7,7,7,7,6,7,7,6,7,6,4,7,7,White,Rep,10
4,,7,,7,,7,,7,,4,,7,,7,,4,,7,,5,,4,,7,,4,,4,,6,,7,,orange,62,1,,,,,,#NULL!,1,1,6,8,5,1,,,1,,4,8,OtherPublic,292,1,1,4,7,7,7,7,4,7,7,4,7,5,4,7,4,4,6,7,White,Ind,6
6,,6,,6,,6,,6,,6,,6,,6,,6,,6,,6,,6,,6,,6,,6,,6,,6,,orange,37,1,,,,,,#NULL!,3,1,2,8,4,2,1,,,,9,9,OtherPrivate,293,1,0,6,6,6,6,6,6,6,6,6,6,6,6,6,6,6,6,6,White,Rep,9
5,,3,,6,,5,,5,,5,,6,,5,,3,,5,,4,,3,,4,,5,,4,,6,,6,,orange,68,1,,,,,,#NULL!,4,1,3,2,4,2,1,,,,10,10,OtherPublic,294,1,1,5,3,6,5,5,5,6,5,3,5,4,3,4,5,4,6,6,White,Rep,10
7,,7,,7,,7,,7,,7,,7,,7,,7,,7,,7,,7,,7,,7,,7,,7,,7,,orange,32,1,,,,,,#NULL!,4,1,8,5,5,2,1,,,,10,10,OtherPrivate,295,1,0,7,7,7,7,7,7,7,7,7,7,7,7,7,7,7,7,7,White,Rep,10
,7,,7,,7,,7,,7,,7,,7,,7,,7,,7,,7,,7,,7,,7,,7,,7,,7,orange,42,1,,,,,,#NULL!,3,1,1,5,2,2,,1,,,2,2,SelfPrivate,296,0,0,7,7,7,7,7,7,7,7,7,7,7,7,7,7,7,7,7,White,Dem,2
,5,,6,,6,,6,,6,,6,,6,,6,,6,,6,,5,,6,,6,,6,,5,,5,,6,orange,28,1,,,,,,#NULL!,3,1,2,8,5,2,,,1,,4,4,SelfPrivate,297,0,0,5,6,6,6,6,6,6,6,6,6,5,6,6,6,5,5,6,White,Ind,4
,7,,7,,7,,7,,7,,7,,7,,7,,7,,7,,7,,7,,7,,7,,7,,7,,7,orange,67,1,,,,,,#NULL!,2,1,6,2,3,1,1,,,,9,9,SelfPrivate,298,0,0,7,7,7,7,7,7,7,7,7,7,7,7,7,7,7,7,7,White,Rep,9
4,,6,,4,,7,,7,,6,,7,,5,,6,,6,,5,,6,,7,,5,,4,,6,,7,,orange,43,1,,,,,,#NULL!,4,1,7,6,5,2,1,,,,9,8,OtherPublic,299,1,1,4,6,4,7,7,6,7,5,6,6,5,6,7,5,4,6,7,White,Rep,8.5
,6,,4,,5,,7,,6,,5,,6,,7,,7,,6,,5,,7,,7,,7,,5,,4,,4,orange,25,,1,,,,,#NULL!,1,1,3,1,3,1,,1,,,4,4,SelfPrivate,300,0,0,6,4,5,7,6,5,6,7,7,6,5,7,7,7,5,4,4,Black,Dem,4
7,,7,,7,,7,,7,,7,,7,,7,,7,,7,,7,,7,,7,,7,,7,,7,,7,,orange,27,1,,,,,,#NULL!,1,1,1,6,4,2,,1,,,2,2,OtherPrivate,301,1,0,7,7,7,7,7,7,7,7,7,7,7,7,7,7,7,7,7,White,Dem,2
,6,,4,,7,,7,,6,,6,,7,,6,,5,,6,,6,,5,,6,,4,,4,,5,,6,orange,46,1,,,,,,#NULL!,4,1,1,4,4,2,,1,,,2,2,SelfPublic,302,0,1,6,4,7,7,6,6,7,6,5,6,6,5,6,4,4,5,6,White,Dem,2
4,,4,,5,,5,,7,,6,,7,,7,,6,,6,,4,,4,,7,,7,,4,,4,,6,,orange,33,,1,,,,,#NULL!,1,1,1,6,5,2,,1,,,1,1,OtherPrivate,303,1,0,4,4,5,5,7,6,7,7,6,6,4,4,7,7,4,4,6,Black,Dem,1
4,,5,,5,,6,,4,,6,,5,,7,,6,,5,,5,,4,,5,,5,,7,,4,,4,,orange,29,1,,,,,,#NULL!,4,1,1,6,5,2,,1,,,2,2,OtherPublic,304,1,1,4,5,5,6,4,6,5,7,6,5,5,4,5,5,7,4,4,White,Dem,2
,6,,4,,5,,6,,6,,5,,6,,6,,6,,6,,4,,5,,5,,6,,4,,4,,6,orange,42,1,,,,,,#NULL!,1,1,1,6,2,2,,1,,,2,2,SelfPublic,305,0,1,6,4,5,6,6,5,6,6,6,6,4,5,5,6,4,4,6,White,Dem,2
,5,,5,,5,,7,,6,,5,,6,,6,,5,,6,,5,,5,,5,,5,,5,,6,,6,orange,54,1,,,,,,#NULL!,1,1,1,7,4,1,,,1,,2,8,SelfPublic,306,0,1,5,5,5,7,6,5,6,6,5,6,5,5,5,5,5,6,6,White,Ind,5
,5,,6,,5,,6,,7,,6,,5,,7,,7,,5,,5,,5,,6,,7,,5,,5,,7,orange,29,1,,,,,,#NULL!,3,1,1,5,5,1,,1,,,2,3,SelfPrivate,307,0,0,5,6,5,6,7,6,5,7,7,5,5,5,6,7,5,5,7,White,Dem,2.5
5,,5,,6,,6,,7,,5,,6,,6,,5,,6,,5,,4,,5,,5,,4,,6,,6,,orange,61,,1,,,,,#NULL!,3,1,1,6,5,2,,1,,,2,1,OtherPublic,308,1,1,5,5,6,6,7,5,6,6,5,6,5,4,5,5,4,6,6,Black,Dem,1.5
4,,6,,7,,7,,7,,5,,7,,7,,6,,7,,6,,6,,7,,6,,5,,6,,7,,orange,58,1,,,,,,#NULL!,1,1,1,6,4,2,,1,,,3,3,OtherPublic,309,1,1,4,6,7,7,7,5,7,7,6,7,6,6,7,6,5,6,7,White,Dem,3
,4,,4,,5,,6,,6,,6,,6,,4,,5,,4,,4,,5,,5,,5,,4,,4,,5,orange,20,1,,,,,,#NULL!,1,1,2,4,3,3,,1,,,1,1,SelfPublic,310,0,1,4,4,5,6,6,6,6,4,5,4,4,5,5,5,4,4,5,White,Dem,1
5,,5,,6,,6,,7,,6,,6,,7,,5,,5,,4,,6,,5,,7,,5,,5,,6,,orange,37,,1,,,,,#NULL!,3,1,1,8,5,1,,,1,,3,8,OtherPrivate,311,1,0,5,5,6,6,7,6,6,7,5,5,4,6,5,7,5,5,6,Black,Ind,5.5
,7,,7,,7,,7,,7,,7,,7,,7,,7,,7,,7,,7,,7,,7,,7,,7,,7,orange,38,1,,,,,,#NULL!,1,1,1,7,5,1,,1,,,2,4,SelfPrivate,312,0,0,7,7,7,7,7,7,7,7,7,7,7,7,7,7,7,7,7,White,Dem,3
,6,,6,,6,,7,,7,,6,,7,,7,,6,,6,,6,,5,,7,,6,,5,,6,,7,orange,27,1,,,,,,#NULL!,4,1,3,2,5,2,,1,,,3,3,SelfPublic,313,0,1,6,6,6,7,7,6,7,7,6,6,6,5,7,6,5,6,7,White,Dem,3
4,,4,,5,,5,,5,,4,,5,,5,,5,,5,,5,,4,,4,,4,,4,,4,,5,,orange,25,1,,,,,,#NULL!,1,1,8,1,4,1,,,1,,4,4,OtherPublic,314,1,1,4,4,5,5,5,4,5,5,5,5,5,4,4,4,4,4,5,White,Ind,4
,6,,6,,6,,7,,6,,5,,5,,7,,3,,6,,5,,5,,6,,5,,4,,4,,6,orange,52,1,,,,,,#NULL!,2,1,1,7,4,1,,,1,,4,4,SelfPublic,315,0,1,6,6,6,7,6,5,5,7,3,6,5,5,6,5,4,4,6,White,Ind,4
,5,,4,,5,,7,,5,,5,,7,,6,,7,,6,,5,,5,,6,,5,,7,,4,,5,orange,52,1,,,,,,#NULL!,2,1,8,4,5,1,,,1,,3,4,SelfPrivate,316,0,0,5,4,5,7,5,5,7,6,7,6,5,5,6,5,7,4,5,White,Ind,3.5
,6,,5,,3,,2,,6,,6,,6,,6,,6,,6,,5,,7,,4,,7,,7,,4,,3,orange,41,1,,,,,,#NULL!,2,1,1,7,6,1,,1,,,1,1,SelfPublic,317,0,1,6,5,3,2,6,6,6,6,6,6,5,7,4,7,7,4,3,White,Dem,1
5,,6,,6,,7,,6,,5,,7,,6,,6,,6,,5,,5,,6,,6,,5,,6,,7,,orange,58,1,,,,,,#NULL!,3,1,2,6,6,4,,1,,,2,2,OtherPrivate,318,1,0,5,6,6,7,6,5,7,6,6,6,5,5,6,6,5,6,7,White,Dem,2
7,,7,,7,,7,,7,,7,,7,,7,,7,,7,,7,,7,,7,,7,,7,,7,,7,,orange,38,1,,,,,,#NULL!,1,1,1,4,2,2,1,,,,8,8,OtherPrivate,319,1,0,7,7,7,7,7,7,7,7,7,7,7,7,7,7,7,7,7,White,Rep,8
6,,5,,5,,6,,6,,6,,6,,6,,5,,6,,5,,5,,6,,5,,5,,6,,6,,orange,25,1,,,,,,#NULL!,2,1,1,4,3,1,,,1,,4,4,OtherPublic,320,1,1,6,5,5,6,6,6,6,6,5,6,5,5,6,5,5,6,6,White,Ind,4
7,,7,,7,,7,,7,,7,,7,,7,,7,,7,,7,,6,,7,,7,,6,,7,,7,,orange,59,1,,,,,,#NULL!,1,1,1,4,5,1,,1,,,1,1,OtherPrivate,321,1,0,7,7,7,7,7,7,7,7,7,7,7,6,7,7,6,7,7,White,Dem,1
,5,,5,,5,,6,,6,,6,,6,,6,,6,,5,,5,,5,,5,,6,,6,,5,,6,orange,45,1,,,,,,#NULL!,1,1,8,6,5,1,,,1,,1,4,SelfPrivate,322,0,0,5,5,5,6,6,6,6,6,6,5,5,5,5,6,6,5,6,White,Ind,2.5
,6,,5,,5,,6,,6,,6,,6,,6,,6,,5,,5,,5,,6,,6,,5,,5,,5,orange,31,1,,,,,,#NULL!,1,1,8,3,4,1,,,1,,4,4,SelfPrivate,323,0,0,6,5,5,6,6,6,6,6,6,5,5,5,6,6,5,5,5,White,Ind,4
,6,,6,,6,,6,,6,,6,,6,,6,,6,,6,,6,,6,,6,,6,,6,,6,,6,orange,45,1,,,,,,#NULL!,1,1,1,6,4,1,,,1,,4,4,SelfPrivate,324,0,0,6,6,6,6,6,6,6,6,6,6,6,6,6,6,6,6,6,White,Ind,4
5,,4,,4,,4,,4,,5,,4,,4,,5,,3,,2,,3,,4,,4,,3,,3,,5,,orange,46,1,,,,,,#NULL!,4,1,1,1,3,1,1,,,,10,10,OtherPrivate,325,1,0,5,4,4,4,4,5,4,4,5,3,2,3,4,4,3,3,5,White,Rep,10
,6,,6,,6,,6,,6,,5,,6,,6,,6,,6,,6,,5,,6,,6,,6,,6,,6,orange,58,1,,,,,,#NULL!,4,1,1,8,5,2,1,,,,8,8,SelfPrivate,326,0,0,6,6,6,6,6,5,6,6,6,6,6,5,6,6,6,6,6,White,Rep,8
,3,,6,,5,,7,,6,,7,,2,,3,,7,,5,,2,,3,,7,,6,,6,,6,,7,orange,25,1,,,,,,#NULL!,3,1,1,7,3,1,1,,,,4,4,SelfPublic,327,0,1,3,6,5,7,6,7,2,3,7,5,2,3,7,6,6,6,7,White,Rep,4
4,,6,,7,,7,,7,,6,,7,,7,,4,,7,,7,,4,,7,,4,,4,,7,,7,,orange,51,1,,,,,,#NULL!,4,1,8,4,5,2,,1,,,2,1,OtherPublic,328,1,1,4,6,7,7,7,6,7,7,4,7,7,4,7,4,4,7,7,White,Dem,1.5
,5,,5,,4,,3,,5,,3,,6,,5,,6,,3,,2,,4,,7,,5,,4,,3,,5,orange,62,1,,,,,,#NULL!,1,1,6,5,2,2,,1,,,1,1,SelfPrivate,329,0,0,5,5,4,3,5,3,6,5,6,3,2,4,7,5,4,3,5,White,Dem,1
,5,,4,,4,,6,,6,,6,,6,,7,,6,,6,,4,,5,,6,,6,,5,,5,,6,orange,33,1,,,,,,#NULL!,1,1,8,5,4,1,,,1,,3,8,SelfPrivate,330,0,0,5,4,4,6,6,6,6,7,6,6,4,5,6,6,5,5,6,White,Ind,5.5
3,,3,,2,,5,,6,,7,,4,,4,,5,,3,,5,,5,,4,,6,,6,,6,,3,,orange,33,1,,,,,,#NULL!,1,1,1,6,4,1,,,1,,4,4,OtherPrivate,331,1,0,3,3,2,5,6,7,4,4,5,3,5,5,4,6,6,6,3,White,Ind,4
,5,,4,,7,,5,,7,,7,,6,,5,,7,,4,,4,,6,,6,,5,,5,,7,,5,orange,33,,1,,,,,#NULL!,4,1,1,5,6,1,,1,,,9,8,SelfPrivate,332,0,0,5,4,7,5,7,7,6,5,7,4,4,6,6,5,5,7,5,Black,Dem,8.5
,6,,5,,6,,6,,5,,6,,4,,6,,5,,6,,6,,4,,6,,6,,6,,6,,6,orange,29,,1,,,,,#NULL!,4,1,1,5,6,2,,,1,,9,9,SelfPublic,333,0,1,6,5,6,6,5,6,4,6,5,6,6,4,6,6,6,6,6,Black,Ind,9
5,,6,,6,,6,,6,,5,,6,,5,,5,,6,,5,,5,,6,,5,,5,,6,,6,,orange,35,,,,1,,,#NULL!,3,1,1,7,5,2,,1,,,3,4,OtherPublic,334,1,1,5,6,6,6,6,5,6,5,5,6,5,5,6,5,5,6,6,Asian,Dem,3.5
7,,7,,5,,4,,7,,5,,7,,7,,7,,5,,7,,4,,4,,5,,7,,7,,6,,orange,30,,,,1,,,#NULL!,1,1,1,8,6,2,,1,,,2,2,OtherPrivate,335,1,0,7,7,5,4,7,5,7,7,7,5,7,4,4,5,7,7,6,Asian,Dem,2
6,,6,,6,,6,,6,,6,,6,,6,,6,,6,,6,,6,,6,,6,,6,,6,,6,,orange,36,,1,,,,,#NULL!,3,1,1,4,3,2,,1,,,2,2,OtherPublic,336,1,1,6,6,6,6,6,6,6,6,6,6,6,6,6,6,6,6,6,Black,Dem,2
6,,6,,6,,6,,6,,6,,6,,6,,5,,6,,6,,6,,6,,6,,6,,6,,6,,orange,59,1,,,,,,#NULL!,2,1,1,8,4,2,,,1,,4,4,OtherPrivate,337,1,0,6,6,6,6,6,6,6,6,5,6,6,6,6,6,6,6,6,White,Ind,4
6,,6,,6,,6,,6,,6,,6,,6,,6,,6,,6,,5,,6,,6,,3,,6,,6,,orange,29,,1,,,,,#NULL!,1,1,2,1,4,2,,,1,,1,1,OtherPublic,338,1,1,6,6,6,6,6,6,6,6,6,6,6,5,6,6,3,6,6,Black,Ind,1
,3,,6,,6,,6,,6,,4,,6,,6,,5,,6,,6,,4,,6,,4,,4,,3,,6,orange,26,1,,,,,1,#NULL!,1,1,5,8,5,1,,,1,,9,3,SelfPublic,339,0,1,3,6,6,6,6,4,6,6,5,6,6,4,6,4,4,3,6,Other,Ind,6
,4,,5,,5,,7,,6,,3,,7,,6,,2,,6,,5,,2,,5,,3,,4,,5,,6,orange,73,1,,,,,,#NULL!,3,1,6,5,5,1,,,1,,9,9,SelfPublic,340,0,1,4,5,5,7,6,3,7,6,2,6,5,2,5,3,4,5,6,White,Ind,9
6,,7,,7,,7,,7,,7,,7,,7,,7,,7,,6,,6,,7,,6,,6,,6,,6,,orange,27,1,,,,,,#NULL!,4,1,8,7,5,2,1,,,,10,8,OtherPrivate,341,1,0,6,7,7,7,7,7,7,7,7,7,6,6,7,6,6,6,6,White,Rep,9
5,,5,,7,,7,,7,,6,,7,,7,,6,,6,,5,,5,,7,,6,,6,,5,,6,,orange,38,1,,,,,,#NULL!,3,1,7,8,5,2,1,,,,9,10,OtherPublic,342,1,1,5,5,7,7,7,6,7,7,6,6,5,5,7,6,6,5,6,White,Rep,9.5
7,,7,,7,,7,,7,,7,,7,,7,,7,,7,,7,,7,,7,,7,,7,,7,,7,,orange,52,1,,,,,,#NULL!,1,1,1,8,6,2,,1,,,2,8,OtherPublic,343,1,1,7,7,7,7,7,7,7,7,7,7,7,7,7,7,7,7,7,White,Dem,5
5,,5,,5,,6,,5,,5,,6,,6,,6,,5,,5,,5,,5,,5,,5,,5,,5,,orange,39,1,,,,,,#NULL!,3,1,7,5,5,2,,1,,,2,2,OtherPublic,344,1,1,5,5,5,6,5,5,6,6,6,5,5,5,5,5,5,5,5,White,Dem,2
6,,5,,4,,5,,5,,4,,6,,6,,5,,5,,4,,5,,5,,6,,4,,4,,5,,orange,72,1,,,,,,#NULL!,1,1,6,5,5,1,,,1,,3,4,OtherPrivate,345,1,0,6,5,4,5,5,4,6,6,5,5,4,5,5,6,4,4,5,White,Ind,3.5
,7,,6,,6,,7,,7,,7,,7,,7,,7,,7,,7,,7,,7,,7,,7,,7,,7,orange,45,1,,,,,,#NULL!,1,1,1,5,3,1,,,1,,3,3,SelfPrivate,346,0,0,7,6,6,7,7,7,7,7,7,7,7,7,7,7,7,7,7,White,Ind,3
,4,,4,,7,,7,,7,,5,,7,,7,,7,,6,,5,,6,,6,,7,,4,,5,,5,orange,52,1,,,,,,#NULL!,4,1,1,6,3,1,,1,,,3,4,SelfPrivate,347,0,0,4,4,7,7,7,5,7,7,7,6,5,6,6,7,4,5,5,White,Dem,3.5
7,,7,,7,,7,,7,,7,,7,,7,,7,,7,,7,,7,,7,,7,,7,,7,,7,,orange,37,1,,,,,,#NULL!,2,1,1,7,5,2,1,,,,9,9,OtherPrivate,348,1,0,7,7,7,7,7,7,7,7,7,7,7,7,7,7,7,7,7,White,Rep,9
5,,4,,5,,4,,4,,5,,4,,3,,4,,4,,4,,4,,4,,4,,3,,6,,5,,orange,57,1,,,,,,#NULL!,2,1,2,6,5,1,1,,,,9,10,OtherPublic,349,1,1,5,4,5,4,4,5,4,3,4,4,4,4,4,4,3,6,5,White,Rep,9.5
3,,5,,6,,6,,6,,5,,6,,6,,5,,5,,5,,5,,5,,5,,3,,6,,6,,orange,59,1,,,,,,#NULL!,2,1,6,2,5,1,,1,,,2,2,OtherPublic,350,1,1,3,5,6,6,6,5,6,6,5,5,5,5,5,5,3,6,6,White,Dem,2
,5,,5,,4,,6,,6,,5,,6,,6,,5,,5,,6,,5,,6,,5,,5,,6,,6,orange,33,1,,,,,,#NULL!,1,1,1,7,5,1,,,1,,2,8,SelfPrivate,351,0,0,5,5,4,6,6,5,6,6,5,5,6,5,6,5,5,6,6,White,Ind,5
,3,,4,,5,,6,,6,,3,,4,,4,,4,,4,,5,,4,,4,,4,,3,,3,,3,orange,38,,,,1,,,#NULL!,1,1,1,7,5,1,,,1,,3,3,SelfPublic,352,0,1,3,4,5,6,6,3,4,4,4,4,5,4,4,4,3,3,3,Asian,Ind,3
,5,,5,,5,,5,,5,,5,,5,,5,,5,,6,,5,,4,,5,,5,,5,,5,,5,orange,42,1,,,,,,#NULL!,4,1,1,8,4,1,1,,,,10,10,SelfPublic,353,0,1,5,5,5,5,5,5,5,5,5,6,5,4,5,5,5,5,5,White,Rep,10
4,,5,,5,,6,,6,,5,,6,,6,,6,,6,,5,,4,,6,,6,,4,,4,,6,,orange,39,1,,,,,,#NULL!,3,1,1,4,4,1,,,1,,4,4,OtherPublic,354,1,1,4,5,5,6,6,5,6,6,6,6,5,4,6,6,4,4,6,White,Ind,4
,4,,5,,5,,6,,6,,5,,6,,6,,6,,5,,6,,4,,5,,6,,4,,5,,5,orange,41,1,,,,,,#NULL!,1,1,1,4,3,2,,1,,,2,2,SelfPrivate,355,0,0,4,5,5,6,6,5,6,6,6,5,6,4,5,6,4,5,5,White,Dem,2
6,,5,,6,,6,,6,,6,,6,,7,,6,,6,,6,,6,,6,,6,,4,,6,,6,,orange,50,1,,,,,,#NULL!,3,1,9,3,3,2,1,,,,8,8,OtherPrivate,356,1,0,6,5,6,6,6,6,6,7,6,6,6,6,6,6,4,6,6,White,Rep,8
,5,,5,,6,,6,,6,,5,,5,,6,,5,,5,,6,,5,,5,,6,,5,,5,,5,orange,43,1,,,,,,#NULL!,3,1,1,5,5,1,,,1,,4,8,SelfPublic,357,0,1,5,5,6,6,6,5,5,6,5,5,6,5,5,6,5,5,5,White,Ind,6
,5,,6,,6,,6,,6,,5,,7,,6,,6,,5,,5,,5,,6,,6,,4,,6,,6,orange,58,1,,,,,,#NULL!,2,1,8,5,6,1,,1,,,1,1,SelfPrivate,358,0,0,5,6,6,6,6,5,7,6,6,5,5,5,6,6,4,6,6,White,Dem,1
,7,,7,,7,,7,,7,,7,,7,,7,,5,,6,,5,,5,,7,,5,,5,,3,,7,orange,45,1,,,,,,#NULL!,1,1,9,3,3,1,1,,,,8,9,SelfPublic,359,0,1,7,7,7,7,7,7,7,7,5,6,5,5,7,5,5,3,7,White,Rep,8.5
7,,4,,6,,5,,5,,4,,7,,5,,5,,5,,4,,5,,5,,7,,3,,4,,4,,orange,34,1,,,,,,#NULL!,2,1,1,2,4,2,1,,,,4,4,OtherPrivate,360,1,0,7,4,6,5,5,4,7,5,5,5,4,5,5,7,3,4,4,White,Rep,4
,4,,2,,4,,6,,6,,5,,5,,7,,6,,6,,5,,5,,6,,6,,4,,5,,4,orange,34,1,,,,,,#NULL!,1,1,1,4,3,1,,1,,,2,2,SelfPublic,361,0,1,4,2,4,6,6,5,5,7,6,6,5,5,6,6,4,5,4,White,Dem,2
1,,2,,4,,6,,6,,2,,7,,7,,5,,1,,1,,5,,5,,6,,1,,2,,5,,orange,57,1,,,,,,#NULL!,1,1,1,8,5,2,,1,,,1,2,OtherPublic,362,1,1,1,2,4,6,6,2,7,7,5,1,1,5,5,6,1,2,5,White,Dem,1.5
5,,6,,7,,6,,7,,6,,6,,6,,5,,6,,4,,6,,6,,5,,4,,7,,5,,orange,55,1,,,,,,#NULL!,1,1,7,5,6,2,,1,,,3,8,OtherPublic,363,1,1,5,6,7,6,7,6,6,6,5,6,4,6,6,5,4,7,5,White,Dem,5.5
7,,7,,7,,7,,7,,7,,7,,7,,7,,7,,7,,7,,7,,7,,7,,7,,7,,orange,39,1,,,,,,#NULL!,4,1,8,6,5,2,,,1,,9,9,OtherPrivate,364,1,0,7,7,7,7,7,7,7,7,7,7,7,7,7,7,7,7,7,White,Ind,9
,6,,6,,7,,7,,7,,6,,6,,6,,5,,7,,6,,5,,6,,5,,5,,7,,7,orange,44,1,,,,,,#NULL!,4,1,2,9,5,2,1,,,,10,10,SelfPublic,365,0,1,6,6,7,7,7,6,6,6,5,7,6,5,6,5,5,7,7,White,Rep,10
7,,7,,7,,7,,7,,6,,7,,6,,6,,6,,6,,6,,7,,6,,6,,7,,7,,orange,29,1,,,,,,#NULL!,2,1,8,2,5,2,,,1,,3,8,OtherPublic,366,1,1,7,7,7,7,7,6,7,6,6,6,6,6,7,6,6,7,7,White,Ind,5.5
5,,6,,3,,6,,3,,3,,5,,6,,5,,6,,5,,3,,6,,6,,3,,5,,6,,orange,43,1,,,,,,#NULL!,1,1,1,5,3,1,,1,,,9,9,OtherPublic,367,1,1,5,6,3,6,3,3,5,6,5,6,5,3,6,6,3,5,6,White,Dem,9
,6,,4,,4,,6,,6,,6,,5,,6,,4,,5,,4,,4,,6,,4,,4,,5,,6,orange,27,1,,,,,,#NULL!,1,1,2,3,3,3,,1,,,1,1,SelfPublic,368,0,1,6,4,4,6,6,6,5,6,4,5,4,4,6,4,4,5,6,White,Dem,1
7,,7,,7,,7,,7,,7,,7,,7,,7,,7,,7,,7,,7,,7,,7,,7,,7,,orange,61,1,,,,,,#NULL!,4,1,1,6,4,2,,,1,,10,4,OtherPrivate,369,1,0,7,7,7,7,7,7,7,7,7,7,7,7,7,7,7,7,7,White,Ind,7
,7,,5,,7,,7,,6,,6,,7,,7,,7,,6,,6,,6,,7,,7,,4,,7,,7,orange,37,1,,,,,,#NULL!,1,1,1,5,4,2,,1,,,2,2,SelfPrivate,370,0,0,7,5,7,7,6,6,7,7,7,6,6,6,7,7,4,7,7,White,Dem,2
5,,5,,6,,6,,7,,6,,6,,5,,5,,5,,7,,5,,7,,5,,5,,5,,6,,orange,36,1,,,,,,#NULL!,4,1,1,8,5,1,1,,,,10,10,OtherPublic,371,1,1,5,5,6,6,7,6,6,5,5,5,7,5,7,5,5,5,6,White,Rep,10
,6,,4,,5,,6,,6,,6,,6,,6,,6,,6,,6,,6,,6,,6,,4,,6,,6,orange,36,1,,,,,,#NULL!,1,1,3,1,3,1,,,1,,2,2,SelfPrivate,372,0,0,6,4,5,6,6,6,6,6,6,6,6,6,6,6,4,6,6,White,Ind,2
,5,,5,,6,,6,,6,,5,,6,,6,,4,,5,,4,,5,,6,,3,,3,,6,,6,orange,66,1,,,,,,#NULL!,3,1,1,3,5,2,1,,,,4,8,SelfPublic,373,0,1,5,5,6,6,6,5,6,6,4,5,4,5,6,3,3,6,6,White,Rep,6
,5,,3,,5,,5,,5,,5,,5,,5,,5,,5,,5,,5,,5,,5,,4,,5,,5,orange,62,1,,,,,,#NULL!,2,1,2,2,4,2,,1,,,1,1,SelfPrivate,374,0,0,5,3,5,5,5,5,5,5,5,5,5,5,5,5,4,5,5,White,Dem,1
,6,,5,,6,,6,,6,,6,,6,,6,,4,,6,,6,,4,,6,,4,,2,,6,,6,orange,52,1,,,,,,#NULL!,1,1,1,8,5,1,,,1,,4,4,SelfPublic,375,0,1,6,5,6,6,6,6,6,6,4,6,6,4,6,4,2,6,6,White,Ind,4
,7,,7,,6,,6,,7,,7,,7,,7,,7,,7,,6,,6,,7,,7,,7,,7,,6,orange,50,1,,,,,,#NULL!,3,1,3,2,5,2,,,1,,4,4,SelfPrivate,376,0,0,7,7,6,6,7,7,7,7,7,7,6,6,7,7,7,7,6,White,Ind,4
,7,,7,,7,,7,,7,,7,,7,,7,,7,,7,,7,,7,,7,,7,,7,,7,,7,orange,36,1,,,,,,#NULL!,2,1,1,3,6,2,,1,,,1,1,SelfPrivate,377,0,0,7,7,7,7,7,7,7,7,7,7,7,7,7,7,7,7,7,White,Dem,1
,4,,4,,5,,6,,6,,5,,7,,7,,7,,6,,6,,7,,6,,6,,5,,6,,6,orange,34,1,,,,,,#NULL!,1,1,1,6,5,1,1,,,,4,8,SelfPrivate,378,0,0,4,4,5,6,6,5,7,7,7,6,6,7,6,6,5,6,6,White,Rep,6
5,,7,,7,,7,,7,,7,,7,,7,,4,,6,,7,,3,,7,,2,,7,,2,,7,,orange,60,,1,,,,,#NULL!,3,1,2,3,3,2,,1,,,4,4,OtherPublic,379,1,1,5,7,7,7,7,7,7,7,4,6,7,3,7,2,7,2,7,Black,Dem,4
,5,,5,,5,,6,,6,,6,,5,,6,,5,,7,,6,,6,,6,,6,,5,,6,,6,orange,33,1,,,,,,#NULL!,1,1,8,9,3,1,,1,,,2,3,SelfPrivate,380,0,0,5,5,5,6,6,6,5,6,5,7,6,6,6,6,5,6,6,White,Dem,2.5
4,,4,,5,,5,,6,,5,,6,,6,,5,,5,,4,,4,,5,,5,,4,,5,,5,,orange,45,1,,,,,,#NULL!,1,1,2,5,5,1,,1,,,1,2,OtherPublic,381,1,1,4,4,5,5,6,5,6,6,5,5,4,4,5,5,4,5,5,White,Dem,1.5
,4,,4,,4,,6,,6,,5,,4,,4,,5,,4,,4,,5,,5,,5,,4,,1,,4,orange,30,1,,,,,,#NULL!,2,1,2,4,5,2,,,1,,4,3,SelfPublic,382,0,1,4,4,4,6,6,5,4,4,5,4,4,5,5,5,4,1,4,White,Ind,3.5
3,,5,,5,,5,,5,,5,,5,,5,,5,,5,,5,,5,,5,,5,,4,,4,,5,,orange,36,1,,,,,,#NULL!,1,1,3,3,6,3,,1,,,1,1,OtherPublic,383,1,1,3,5,5,5,5,5,5,5,5,5,5,5,5,5,4,4,5,White,Dem,1
,7,,7,,7,,7,,7,,7,,7,,7,,7,,7,,7,,7,,7,,7,,7,,7,,7,orange,28,1,,,,,,#NULL!,1,1,1,7,5,2,,1,,,1,1,SelfPrivate,384,0,0,7,7,7,7,7,7,7,7,7,7,7,7,7,7,7,7,7,White,Dem,1
6,,6,,6,,6,,6,,6,,6,,6,,6,,6,,6,,6,,6,,6,,6,,6,,6,,orange,71,1,,,,,,#NULL!,4,1,6,5,6,2,,1,,,2,2,OtherPrivate,385,1,0,6,6,6,6,6,6,6,6,6,6,6,6,6,6,6,6,6,White,Dem,2
5,,5,,6,,5,,5,,5,,6,,7,,5,,6,,6,,5,,6,,5,,6,,6,,5,,orange,33,1,,,,,,#NULL!,1,1,1,4,4,1,,,1,,4,4,OtherPrivate,386,1,0,5,5,6,5,5,5,6,7,5,6,6,5,6,5,6,6,5,White,Ind,4
5,,5,,5,,5,,5,,6,,5,,5,,6,,6,,6,,5,,5,,6,,5,,5,,6,,orange,30,1,,,,,,#NULL!,4,1,8,7,6,2,,,1,,4,4,OtherPrivate,387,1,0,5,5,5,5,5,6,5,5,6,6,6,5,5,6,5,5,6,White,Ind,4
7,,6,,7,,7,,7,,7,,7,,6,,6,,7,,7,,6,,6,,6,,7,,7,,7,,orange,49,1,,,,,,#NULL!,1,1,8,4,5,2,,,1,,4,8,OtherPrivate,388,1,0,7,6,7,7,7,7,7,6,6,7,7,6,6,6,7,7,7,White,Ind,6
6,,6,,6,,6,,6,,6,,6,,6,,6,,6,,6,,6,,6,,6,,6,,6,,6,,orange,43,1,,,,,,#NULL!,1,1,1,6,2,2,,1,,,1,1,OtherPrivate,389,1,0,6,6,6,6,6,6,6,6,6,6,6,6,6,6,6,6,6,White,Dem,1
6,,6,,6,,6,,6,,6,,6,,6,,6,,6,,6,,6,,6,,6,,6,,6,,6,,orange,46,1,,,,,,#NULL!,4,1,1,5,2,2,1,,,,9,8,OtherPublic,390,1,1,6,6,6,6,6,6,6,6,6,6,6,6,6,6,6,6,6,White,Rep,8.5
5,,4,,5,,7,,7,,5,,6,,7,,6,,7,,7,,6,,7,,7,,3,,6,,7,,orange,60,1,,,,,,#NULL!,1,1,3,4,3,2,,1,,,1,1,OtherPublic,391,1,1,5,4,5,7,7,5,6,7,6,7,7,6,7,7,3,6,7,White,Dem,1
,6,,6,,6,,7,,7,,6,,7,,6,,7,,7,,7,,6,,6,,6,,6,,6,,7,orange,67,,1,,,,,#NULL!,4,1,6,6,2,2,,,,1,4,4,SelfPrivate,392,0,0,6,6,6,7,7,6,7,6,7,7,7,6,6,6,6,6,7,Black,Other,4
5,,4,,6,,6,,6,,6,,5,,6,,5,,7,,6,,6,,6,,6,,4,,7,,4,,orange,34,1,,,,,,#NULL!,2,1,1,6,4,4,,1,,,4,3,OtherPublic,393,1,1,5,4,6,6,6,6,5,6,5,7,6,6,6,6,4,7,4,White,Dem,3.5
,5,,4,,4,,6,,5,,5,,6,,5,,5,,3,,4,,5,,5,,6,,3,,5,,5,orange,25,1,,,,,,#NULL!,1,1,1,6,5,2,,1,,,2,4,SelfPrivate,394,0,0,5,4,4,6,5,5,6,5,5,3,4,5,5,6,3,5,5,White,Dem,3
,7,,7,,7,,7,,7,,7,,7,,7,,7,,7,,7,,7,,7,,7,,7,,7,,7,orange,35,1,,,,,,#NULL!,1,1,1,5,3,2,,,1,,1,1,SelfPrivate,395,0,0,7,7,7,7,7,7,7,7,7,7,7,7,7,7,7,7,7,White,Ind,1
,4,,4,,4,,4,,4,,5,,4,,4,,5,,4,,4,,4,,3,,5,,4,,4,,4,orange,34,1,,,,,,#NULL!,5,1,1,8,6,1,,,1,,4,4,SelfPublic,396,0,1,4,4,4,4,4,5,4,4,5,4,4,4,3,5,4,4,4,White,Ind,4
7,,7,,7,,7,,7,,7,,7,,7,,7,,7,,7,,7,,7,,7,,7,,7,,7,,orange,33,,,,1,,,#NULL!,3,2,2,1,3,1,1,,,,9,9,OtherPublic,397,1,1,7,7,7,7,7,7,7,7,7,7,7,7,7,7,7,7,7,Asian,Rep,9
,3,,3,,5,,6,,6,,4,,6,,5,,4,,6,,6,,5,,5,,6,,4,,4,,6,orange,48,1,,,1,,,#NULL!,1,1,2,6,6,2,,,1,,2,2,SelfPrivate,398,0,0,3,3,5,6,6,4,6,5,4,6,6,5,5,6,4,4,6,Asian,Ind,2
4,,5,,6,,7,,7,,7,,7,,7,,7,,5,,5,,7,,6,,7,,4,,7,,7,,orange,29,,,,1,,,#NULL!,2,1,2,3,3,2,,1,,,1,1,OtherPublic,399,1,1,4,5,6,7,7,7,7,7,7,5,5,7,6,7,4,7,7,Asian,Dem,1
5,,6,,6,,6,,6,,6,,6,,6,,5,,6,,5,,5,,6,,5,,5,,6,,6,,orange,58,1,,,,,,#NULL!,1,1,8,3,2,2,1,,,,9,9,OtherPublic,400,1,1,5,6,6,6,6,6,6,6,5,6,5,5,6,5,5,6,6,White,Rep,9
,6,,5,,6,,6,,6,,6,,6,,6,,6,,6,,5,,6,,6,,6,,5,,5,,6,orange,65,1,,,,,,#NULL!,3,1,3,2,4,2,,1,,,3,8,SelfPrivate,401,0,0,6,5,6,6,6,6,6,6,6,6,5,6,6,6,5,5,6,White,Dem,5.5
7,,7,,2,,6,,7,,2,,7,,1,,6,,7,,1,,7,,2,,2,,7,,2,,7,,orange,28,1,,,,,,#NULL!,4,1,1,5,6,2,,1,,,1,1,OtherPublic,402,1,1,7,7,2,6,7,2,7,1,6,7,1,7,2,2,7,2,7,White,Dem,1
,5,,4,,6,,5,,6,,4,,5,,5,,4,,5,,5,,5,,5,,5,,4,,4,,5,orange,37,,1,,,,,#NULL!,1,1,1,6,5,1,,,1,,3,8,SelfPublic,403,0,1,5,4,6,5,6,4,5,5,4,5,5,5,5,5,4,4,5,Black,Ind,5.5
,6,,5,,5,,6,,6,,6,,6,,6,,5,,6,,6,,5,,6,,6,,5,,6,,6,orange,36,1,,,,,,#NULL!,1,1,2,2,3,1,,,1,,1,1,SelfPrivate,404,0,0,6,5,5,6,6,6,6,6,5,6,6,5,6,6,5,6,6,White,Ind,1
6,,6,,6,,7,,7,,7,,7,,7,,7,,7,,7,,7,,7,,7,,5,,6,,7,,orange,43,1,,,,,,#NULL!,1,1,1,5,3,2,,,1,,4,3,OtherPrivate,405,1,0,6,6,6,7,7,7,7,7,7,7,7,7,7,7,5,6,7,White,Ind,3.5
7,,7,,7,,7,,7,,7,,7,,7,,7,,7,,7,,7,,7,,7,,7,,7,,7,,orange,51,1,,,,,,#NULL!,1,1,1,7,5,2,,,1,,4,4,OtherPrivate,406,1,0,7,7,7,7,7,7,7,7,7,7,7,7,7,7,7,7,7,White,Ind,4
,4,,6,,6,,6,,6,,4,,6,,6,,6,,6,,4,,6,,6,,6,,4,,4,,6,orange,59,1,,,,,,#NULL!,1,1,1,9,3,1,,,1,,4,4,SelfPrivate,407,0,0,4,6,6,6,6,4,6,6,6,6,4,6,6,6,4,4,6,White,Ind,4
4,,4,,5,,5,,5,,4,,5,,5,,5,,4,,4,,5,,5,,4,,4,,4,,5,,orange,43,1,,,,,,#NULL!,1,1,4,6,3,1,,,1,,10,9,OtherPublic,408,1,1,4,4,5,5,5,4,5,5,5,4,4,5,5,4,4,4,5,White,Ind,9.5
,4,,4,,1,,4,,1,,4,,4,,4,,4,,4,,4,,4,,4,,4,,4,,4,,7,orange,67,1,,,,,,#NULL!,1,1,1,2,2,1,,,1,,4,4,SelfPrivate,409,0,0,4,4,1,4,1,4,4,4,4,4,4,4,4,4,4,4,7,White,Ind,4
6,,4,,5,,6,,6,,4,,6,,5,,2,,4,,5,,6,,6,,2,,6,,5,,5,,orange,34,1,,,,,,#NULL!,2,1,1,4,4,1,,,1,,3,8,OtherPublic,410,1,1,6,4,5,6,6,4,6,5,2,4,5,6,6,2,6,5,5,White,Ind,5.5
6,,3,,6,,7,,7,,6,,7,,7,,7,,6,,5,,5,,6,,5,,3,,5,,5,,orange,35,1,,,,,,#NULL!,2,1,1,4,5,2,,1,,,3,3,OtherPrivate,411,1,0,6,3,6,7,7,6,7,7,7,6,5,5,6,5,3,5,5,White,Dem,3
,5,,5,,4,,7,,7,,6,,7,,7,,7,,7,,5,,5,,6,,6,,4,,4,,6,orange,54,1,,1,,,,#NULL!,1,1,1,4,5,2,,1,,,2,4,SelfPrivate,412,0,0,5,5,4,7,7,6,7,7,7,7,5,5,6,6,4,4,6,AmerInd,Dem,3
,5,,7,,7,,7,,7,,7,,7,,7,,6,,7,,7,,6,,7,,6,,6,,7,,7,orange,65,1,,,,,,#NULL!,1,1,2,6,6,1,,1,,,3,8,SelfPublic,413,0,1,5,7,7,7,7,7,7,7,6,7,7,6,7,6,6,7,7,White,Dem,5.5
7,,6,,6,,7,,7,,7,,7,,7,,7,,7,,6,,6,,7,,7,,6,,6,,7,,orange,38,,,,1,,,#NULL!,3,1,1,7,4,1,1,,,,9,9,OtherPrivate,414,1,0,7,6,6,7,7,7,7,7,7,7,6,6,7,7,6,6,7,Asian,Rep,9
,4,,5,,6,,6,,6,,6,,6,,6,,6,,6,,5,,6,,5,,7,,4,,5,,5,orange,40,1,,,,,,#NULL!,3,1,1,4,5,2,,1,,,2,2,SelfPrivate,415,0,0,4,5,6,6,6,6,6,6,6,6,5,6,5,7,4,5,5,White,Dem,2
,3,,4,,4,,5,,5,,5,,6,,5,,5,,5,,5,,4,,5,,4,,3,,3,,5,orange,67,1,,,,,,#NULL!,4,1,8,4,3,1,,1,,,1,2,SelfPublic,416,0,1,3,4,4,5,5,5,6,5,5,5,5,4,5,4,3,3,5,White,Dem,1.5
,6,,4,,6,,6,,6,,5,,7,,6,,6,,7,,4,,4,,6,,4,,5,,5,,6,orange,33,,1,,,,,#NULL!,2,1,1,7,6,2,,1,,,1,2,SelfPrivate,417,0,0,6,4,6,6,6,5,7,6,6,7,4,4,6,4,5,5,6,Black,Dem,1.5
6,,6,,6,,7,,7,,6,,7,,7,,6,,6,,6,,5,,7,,7,,6,,7,,6,,orange,36,1,,,,,,#NULL!,1,1,1,6,3,1,,,1,,2,3,OtherPrivate,418,1,0,6,6,6,7,7,6,7,7,6,6,6,5,7,7,6,7,6,White,Ind,2.5
,6,,6,,5,,5,,7,,6,,7,,7,,6,,6,,5,,5,,6,,6,,4,,4,,6,orange,31,1,,,,,,#NULL!,3,1,8,7,3,2,1,,,,9,9,SelfPublic,419,0,1,6,6,5,5,7,6,7,7,6,6,5,5,6,6,4,4,6,White,Rep,9
,7,,6,,7,,7,,7,,7,,7,,7,,7,,7,,7,,7,,7,,7,,7,,6,,7,orange,31,,,1,,,,#NULL!,4,1,7,6,5,2,,,1,,9,9,SelfPrivate,420,0,0,7,6,7,7,7,7,7,7,7,7,7,7,7,7,7,6,7,AmerInd,Ind,9
,6,,6,,7,,7,,7,,6,,7,,6,,7,,6,,6,,5,,7,,6,,5,,6,,6,orange,75,1,,,,,,#NULL!,3,1,6,5,3,1,,1,,,3,4,SelfPublic,421,0,1,6,6,7,7,7,6,7,6,7,6,6,5,7,6,5,6,6,White,Dem,3.5
,5,,5,,6,,6,,5,,6,,6,,6,,5,,5,,5,,5,,6,,5,,6,,5,,5,orange,47,1,,,,,,#NULL!,2,1,1,3,3,1,,1,,,1,1,SelfPublic,422,0,1,5,5,6,6,5,6,6,6,5,5,5,5,6,5,6,5,5,White,Dem,1
,6,,5,,5,,7,,7,,7,,6,,5,,7,,6,,5,,6,,7,,7,,6,,5,,7,orange,46,1,,,,,,#NULL!,3,1,8,5,4,1,,,,1,8,8,SelfPublic,423,0,1,6,5,5,7,7,7,6,5,7,6,5,6,7,7,6,5,7,White,Other,8
3,,3,,6,,7,,7,,6,,6,,6,,3,,6,,5,,4,,7,,5,,3,,6,,6,,orange,44,1,,,,,,#NULL!,3,1,2,6,4,2,,,1,,4,8,OtherPublic,424,1,1,3,3,6,7,7,6,6,6,3,6,5,4,7,5,3,6,6,White,Ind,6
,5,,5,,5,,6,,6,,4,,6,,6,,4,,6,,5,,6,,6,,5,,4,,7,,6,orange,38,1,,,,,,#NULL!,2,1,1,5,5,1,,1,,,2,3,SelfPublic,425,0,1,5,5,5,6,6,4,6,6,4,6,5,6,6,5,4,7,6,White,Dem,2.5
,6,,6,,6,,7,,6,,6,,7,,6,,6,,6,,6,,6,,6,,6,,6,,6,,6,orange,61,1,,,,,,#NULL!,4,1,1,6,3,2,1,,,,10,10,SelfPrivate,426,0,0,6,6,6,7,6,6,7,6,6,6,6,6,6,6,6,6,6,White,Rep,10
,6,,5,,3,,6,,5,,5,,7,,6,,6,,5,,4,,5,,5,,5,,5,,6,,5,orange,21,1,,,,,,#NULL!,3,1,5,1,3,1,,1,,,1,1,SelfPrivate,427,0,0,6,5,3,6,5,5,7,6,6,5,4,5,5,5,5,6,5,White,Dem,1
,6,,5,,6,,6,,6,,6,,6,,6,,6,,6,,6,,6,,6,,6,,6,,6,,6,orange,63,1,,,,,,#NULL!,1,1,2,2,5,2,,1,,,1,1,SelfPrivate,428,0,0,6,5,6,6,6,6,6,6,6,6,6,6,6,6,6,6,6,White,Dem,1
5,,5,,6,,3,,5,,5,,6,,5,,6,,5,,3,,6,,5,,6,,4,,5,,5,,orange,36,1,,,,,,#NULL!,4,1,1,7,6,2,,1,,,4,4,OtherPublic,429,1,1,5,5,6,3,5,5,6,5,6,5,3,6,5,6,4,5,5,White,Dem,4
,6,,6,,6,,6,,6,,6,,6,,7,,6,,6,,6,,6,,6,,6,,6,,6,,6,orange,34,1,,,,,,#NULL!,3,1,1,8,5,2,1,,,,10,10,SelfPrivate,430,0,0,6,6,6,6,6,6,6,7,6,6,6,6,6,6,6,6,6,White,Rep,10
,5,,5,,5,,6,,5,,5,,6,,6,,5,,5,,6,,5,,6,,6,,5,,5,,6,orange,49,1,,,,,,#NULL!,3,1,1,8,4,1,1,,,,8,8,SelfPublic,431,0,1,5,5,5,6,5,5,6,6,5,5,6,5,6,6,5,5,6,White,Rep,8
,7,,7,,7,,7,,7,,7,,7,,7,,7,,7,,7,,7,,7,,7,,7,,7,,7,orange,32,1,,,,,,#NULL!,1,1,8,6,4,1,,1,,,2,2,SelfPrivate,432,0,0,7,7,7,7,7,7,7,7,7,7,7,7,7,7,7,7,7,White,Dem,2
6,,6,,5,,7,,7,,5,,7,,7,,6,,5,,5,,4,,7,,7,,6,,5,,6,,orange,68,1,,,,,,#NULL!,2,1,1,2,3,2,,1,,,1,1,OtherPrivate,433,1,0,6,6,5,7,7,5,7,7,6,5,5,4,7,7,6,5,6,White,Dem,1
,6,,5,,5,,6,,6,,5,,7,,7,,6,,6,,6,,5,,6,,6,,6,,6,,6,orange,64,,1,,,,,#NULL!,3,1,2,6,5,2,,1,,,1,1,SelfPrivate,434,0,0,6,5,5,6,6,5,7,7,6,6,6,5,6,6,6,6,6,Black,Dem,1
6,,6,,6,,6,,6,,6,,6,,6,,6,,6,,6,,6,,6,,6,,6,,6,,6,,orange,67,1,,,,,,#NULL!,3,1,2,6,5,2,1,,,,3,8,OtherPrivate,435,1,0,6,6,6,6,6,6,6,6,6,6,6,6,6,6,6,6,6,White,Rep,5.5
,4,,4,,4,,6,,6,,4,,5,,6,,5,,4,,4,,4,,5,,5,,4,,5,,4,orange,39,1,1,,,,,#NULL!,3,1,1,8,3,2,,1,,,2,3,SelfPublic,436,0,1,4,4,4,6,6,4,5,6,5,4,4,4,5,5,4,5,4,Black,Dem,2.5
6,,5,,5,,6,,6,,6,,5,,6,,6,,6,,6,,6,,6,,6,,6,,6,,6,,Orange,44,1,,,,,,#NULL!,1,1,1,6,5,2,,1,,,3,3,OtherPrivate,437,1,0,6,5,5,6,6,6,5,6,6,6,6,6,6,6,6,6,6,White,Dem,3
,6,,6,,6,,6,,6,,6,,6,,6,,6,,6,,6,,6,,6,,6,,6,,6,,6,Orange,30,,1,,,,,#NULL!,4,1,8,6,4,2,,,1,,8,9,SelfPrivate,438,0,0,6,6,6,6,6,6,6,6,6,6,6,6,6,6,6,6,6,Black,Ind,8.5
5,,1,,5,,7,,5,,7,,5,,5,,6,,4,,6,,7,,5,,5,,3,,3,,4,,Orange,37,,1,,,,,#NULL!,3,1,1,6,6,2,,,1,,2,2,OtherPublic,439,1,1,5,1,5,7,5,7,5,5,6,4,6,7,5,5,3,3,4,Black,Ind,2
6,,6,,6,,6,,6,,6,,6,,6,,6,,6,,6,,6,,6,,6,,6,,6,,6,,Orange,38,1,,,,,,#NULL!,3,1,1,8,6,1,,,1,,3,4,OtherPrivate,440,1,0,6,6,6,6,6,6,6,6,6,6,6,6,6,6,6,6,6,White,Ind,3.5
3,,4,,6,,5,,7,,4,,7,,7,,5,,5,,5,,4,,7,,5,,4,,7,,7,,Orange,35,1,,,,,,#NULL!,1,1,2,6,3,1,1,,,,8,8,OtherPublic,441,1,1,3,4,6,5,7,4,7,7,5,5,5,4,7,5,4,7,7,White,Rep,8
6,,5,,3,,6,,6,,6,,3,,3,,5,,4,,4,,3,,6,,6,,2,,2,,7,,Orange,31,,1,,,,,#NULL!,1,1,7,1,3,2,,,1,,4,4,OtherPrivate,442,1,0,6,5,3,6,6,6,3,3,5,4,4,3,6,6,2,2,7,Black,Ind,4
,1,,4,,1,,7,,1,,7,,1,,1,,1,,1,,1,,7,,1,,1,,1,,1,,4,Orange,38,1,,,,,,#NULL!,2,1,1,2,5,1,,1,,,3,3,SelfPrivate,443,0,0,1,4,1,7,1,7,1,1,1,1,1,7,1,1,1,1,4,White,Dem,3
,6,,5,,5,,7,,6,,6,,7,,7,,6,,7,,6,,6,,7,,6,,5,,6,,5,Orange,49,1,,,,,,#NULL!,1,1,8,7,5,1,,,1,,8,9,SelfPublic,444,0,1,6,5,5,7,6,6,7,7,6,7,6,6,7,6,5,6,5,White,Ind,8.5
,7,,7,,7,,7,,7,,7,,7,,7,,7,,7,,7,,7,,7,,7,,7,,7,,7,Orange,31,1,,,,,,#NULL!,4,1,1,7,3,1,,,1,,1,1,SelfPrivate,445,0,0,7,7,7,7,7,7,7,7,7,7,7,7,7,7,7,7,7,White,Ind,1
,5,,5,,5,,6,,7,,7,,7,,6,,7,,7,,6,,5,,7,,6,,6,,5,,6,Orange,27,1,,,,,,#NULL!,2,1,1,4,5,1,1,,,,3,9,SelfPublic,446,0,1,5,5,5,6,7,7,7,6,7,7,6,5,7,6,6,5,6,White,Rep,6
,6,,6,,6,,6,,6,,6,,6,,6,,6,,6,,6,,5,,6,,6,,6,,6,,6,Orange,45,,,1,,,,#NULL!,3,1,1,5,5,1,1,,,,10,10,SelfPublic,447,0,1,6,6,6,6,6,6,6,6,6,6,6,5,6,6,6,6,6,AmerInd,Rep,10
,7,,7,,7,,7,,7,,7,,7,,7,,7,,7,,7,,5,,7,,7,,7,,7,,7,Orange,36,,1,,,,,#NULL!,3,1,1,3,4,2,1,,,,8,8,SelfPrivate,448,0,0,7,7,7,7,7,7,7,7,7,7,7,5,7,7,7,7,7,Black,Rep,8
,6,,5,,6,,6,,7,,6,,6,,6,,7,,5,,5,,6,,6,,7,,5,,6,,5,Orange,27,1,,,,,,#NULL!,2,1,1,8,5,1,,,1,,4,4,SelfPublic,449,0,1,6,5,6,6,7,6,6,6,7,5,5,6,6,7,5,6,5,White,Ind,4
,6,,5,,5,,7,,6,,6,,7,,6,,6,,6,,6,,6,,6,,6,,6,,6,,6,Orange,40,,1,,,,,#NULL!,1,1,1,8,5,1,,,1,,1,2,SelfPrivate,450,0,0,6,5,5,7,6,6,7,6,6,6,6,6,6,6,6,6,6,Black,Ind,1.5
5,,5,,5,,6,,7,,5,,7,,7,,7,,5,,6,,5,,7,,7,,5,,6,,5,,Orange,25,1,,,,,,#NULL!,3,1,8,5,3,2,1,,,,9,8,OtherPrivate,451,1,0,5,5,5,6,7,5,7,7,7,5,6,5,7,7,5,6,5,White,Rep,8.5
5,,5,,6,,6,,7,,6,,6,,7,,6,,5,,5,,5,,7,,6,,6,,5,,6,,Orange,25,1,,,,,,#NULL!,1,1,1,6,5,2,,1,,,1,3,OtherPrivate,452,1,0,5,5,6,6,7,6,6,7,6,5,5,5,7,6,6,5,6,White,Dem,2
,7,,6,,6,,7,,7,,6,,7,,7,,7,,7,,6,,7,,7,,7,,7,,7,,7,orange.,42,1,,,,,,#NULL!,1,1,1,2,4,1,,,1,,4,4,SelfPrivate,453,0,0,7,6,6,7,7,6,7,7,7,7,6,7,7,7,7,7,7,White,Ind,4
6,,5,,5,,7,,7,,4,,7,,7,,6,,5,,4,,4,,7,,6,,6,,4,,6,,orange.,32,1,,,,,,#NULL!,1,1,1,6,2,1,,1,,,1,2,OtherPrivate,454,1,0,6,5,5,7,7,4,7,7,6,5,4,4,7,6,6,4,6,White,Dem,1.5
3,,2,,6,,6,,5,,6,,5,,5,,5,,7,,5,,6,,6,,3,,3,,3,,6,,orange.,34,1,,,,,,#NULL!,2,1,1,6,5,1,,1,,,2,2,OtherPublic,455,1,1,3,2,6,6,5,6,5,5,5,7,5,6,6,3,3,3,6,White,Dem,2
2,,3,,5,,5,,6,,3,,6,,5,,3,,5,,1,,2,,5,,3,,4,,5,,3,,orange.,37,,,,1,,,#NULL!,1,1,3,4,5,1,,1,,,2,1,OtherPublic,456,1,1,2,3,5,5,6,3,6,5,3,5,1,2,5,3,4,5,3,Asian,Dem,1.5
,2,,6,,5,,4,,4,,2,,3,,3,,4,,3,,3,,2,,4,,4,,3,,4,,4,orange000,60,1,,,,,,#NULL!,3,1,6,6,6,2,,,1,,8,8,SelfPublic,457,0,1,2,6,5,4,4,2,3,3,4,3,3,2,4,4,3,4,4,White,Ind,8